product_id,category,forecast_date,yhat,yhat_lower,yhat_upper,mean_mape
P001,electronics,2026-01-01,193.89789828058068,160.60543315697947,225.9576875037377,15.992830570581548
P001,electronics,2026-01-02,189.30807088366723,156.50027534242727,223.6267913606597,15.992830570581548
P001,electronics,2026-01-03,177.9861237508063,143.43552185590602,209.07217945714174,15.992830570581548
P001,electronics,2026-01-04,171.33934266562113,140.04671531589432,205.95660384210666,15.992830570581548
P001,electronics,2026-01-05,171.4954226281459,136.28890546216059,204.3973161023289,15.992830570581548
P001,electronics,2026-01-06,161.16586995942552,129.3761926813391,196.17341414782652,15.992830570581548
P001,electronics,2026-01-07,161.01374918881254,125.304363828606,191.83126810179465,15.992830570581548
P001,electronics,2026-01-08,153.11937295763605,118.25475137683621,188.6545104382144,15.992830570581548
P001,electronics,2026-01-09,150.98883450113118,118.3772802610971,184.5785643655128,15.992830570581548
P001,electronics,2026-01-10,142.53446211040188,110.20947248004362,176.13632296808757,15.992830570581548
P001,electronics,2026-01-11,139.11762148257085,107.94970282290522,174.2590541762399,15.992830570581548
P001,electronics,2026-01-12,142.80118810421027,108.16860373061628,176.81399945167163,15.992830570581548
P001,electronics,2026-01-13,136.20106907560358,100.90399976500044,171.24907011294215,15.992830570581548
P001,electronics,2026-01-14,139.9324792132209,106.44104331614103,170.38533958145402,15.992830570581548
P001,electronics,2026-01-15,135.9750205408004,105.13120955332491,170.99374037538507,15.992830570581548
P001,electronics,2026-01-16,137.77668348366922,104.20603050061443,173.2244075429225,15.992830570581548
P001,electronics,2026-01-17,133.15977825498706,94.81437723898568,168.70856363152242,15.992830570581548
P001,electronics,2026-01-18,133.43098753064598,100.06920980396612,167.60448819501838,15.992830570581548
P001,electronics,2026-01-19,140.59157016485926,105.16679425506304,174.7875844449467,15.992830570581548
P001,electronics,2026-01-20,137.17669354595623,102.48738975688522,170.3162534263676,15.992830570581548
P001,electronics,2026-01-21,143.77964095971345,110.43039431769658,179.18840180512325,15.992830570581548
P001,electronics,2026-01-22,142.31541426322042,108.34271730945426,176.4721533042496,15.992830570581548
P001,electronics,2026-01-23,146.21909605611714,112.51483971084828,179.7022183596486,15.992830570581548
P001,electronics,2026-01-24,143.27594202179614,110.54804535664424,175.285387370465,15.992830570581548
P001,electronics,2026-01-25,144.79719782531632,112.37609884901342,178.25743297229275,15.992830570581548
P001,electronics,2026-01-26,152.78641992551098,117.61404702759248,186.22489548415433,15.992830570581548
P001,electronics,2026-01-27,149.7649208046688,115.62280533365235,182.99564106771183,15.992830570581548
P001,electronics,2026-01-28,156.37217267736855,121.68604808714808,191.89245169437928,15.992830570581548
P001,electronics,2026-01-29,154.5262075223874,121.34050698502186,188.67047817651317,15.992830570581548
P001,electronics,2026-01-30,157.71466876417327,121.55733058961428,189.8148706094467,15.992830570581548
P001,electronics,2026-01-31,153.74749043237142,118.44228641359054,186.1332423801715,15.992830570581548
P001,electronics,2026-02-01,153.9970410177895,119.62621190492918,186.14118121152683,15.992830570581548
P001,electronics,2026-02-02,160.5192960772172,126.57532672919967,196.4758542926097,15.992830570581548
P001,electronics,2026-02-03,155.86433274531964,123.83438189343703,193.06559524607917,15.992830570581548
P001,electronics,2026-02-04,160.75209159734996,126.86412649523831,195.31940121632692,15.992830570581548
P001,electronics,2026-02-05,157.1289783294063,121.59974431693635,195.00848363354797,15.992830570581548
P001,electronics,2026-02-06,158.55126184300644,121.20656246316148,190.28995531466308,15.992830570581548
P001,electronics,2026-02-07,152.86025272623394,118.92509595242385,186.4978377069437,15.992830570581548
P001,electronics,2026-02-08,151.48693812253956,117.01736682776625,185.09551038846405,15.992830570581548
P001,electronics,2026-02-09,156.5284108549747,122.38225139247515,189.8296809115405,15.992830570581548
P001,electronics,2026-02-10,150.5440413446506,116.73550238769144,184.10398954650864,15.992830570581548
P001,electronics,2026-02-11,154.30742609396373,118.92434206137645,189.48335740171868,15.992830570581548
P001,electronics,2026-02-12,149.7601917308229,114.71295383551445,182.37520691379535,15.992830570581548
P001,electronics,2026-02-13,150.48888022728434,116.22478156620865,184.88223329948786,15.992830570581548
P001,electronics,2026-02-14,144.3238720533941,111.48850521828774,180.46475923716287,15.992830570581548
P001,electronics,2026-02-15,142.70982453848714,110.06549313067548,176.74373504229405,15.992830570581548
P001,electronics,2026-02-16,147.73869863112301,116.24476560171406,180.6884581295486,15.992830570581548
P001,electronics,2026-02-17,141.93293960309782,108.9071927694672,178.58555193169445,15.992830570581548
P001,electronics,2026-02-18,146.07489661469674,112.13258899446605,178.99626300112385,15.992830570581548
P001,electronics,2026-02-19,142.05903172764587,109.79473681779783,176.0761212332745,15.992830570581548
P001,electronics,2026-02-20,143.463381247907,108.31959549519122,178.28148728470944,15.992830570581548
P001,electronics,2026-02-21,138.0731712018782,102.13217919017423,170.84644092911353,15.992830570581548
P001,electronics,2026-02-22,137.31784251252753,104.95871844757902,170.5517905388413,15.992830570581548
P001,electronics,2026-02-23,143.26127670988313,107.99879516931558,176.91943002200392,15.992830570581548
P001,electronics,2026-02-24,138.3723927472079,104.2151391207785,170.95664181185893,15.992830570581548
P001,electronics,2026-02-25,143.4322449369514,108.33984634845574,179.86764328129286,15.992830570581548
P001,electronics,2026-02-26,140.2846441115907,107.46974947496403,175.85236359943528,15.992830570581548
P001,electronics,2026-02-27,142.50200794223625,110.21387352023497,176.4292447432133,15.992830570581548
P001,electronics,2026-02-28,137.83329860319876,104.20248388891261,173.01637810821418,15.992830570581548
P001,electronics,2026-03-01,137.70709809403812,104.7893284553088,172.89666035343453,15.992830570581548
P002,apparel,2026-01-01,111.15039689724286,83.04472121937616,137.89060957551823,12.465658384851912
P002,apparel,2026-01-02,113.67935127709427,85.40696560508248,140.86861117297536,12.465658384851912
P002,apparel,2026-01-03,113.49272363160576,85.09060071356858,141.83983615918814,12.465658384851912
P002,apparel,2026-01-04,115.7551725841627,88.99479327360412,143.92807617682328,12.465658384851912
P002,apparel,2026-01-05,117.0966333311863,90.9827891089601,143.73477994919853,12.465658384851912
P002,apparel,2026-01-06,116.21089915579022,90.78250591010952,145.07263866230528,12.465658384851912
P002,apparel,2026-01-07,113.23146188531615,84.44749644824371,139.87557333229464,12.465658384851912
P002,apparel,2026-01-08,111.61942163234458,84.46248494130958,138.79972087003796,12.465658384851912
P002,apparel,2026-01-09,113.71582374445336,87.7964152067665,141.72463493339686,12.465658384851912
P002,apparel,2026-01-10,113.13690735091768,85.8287556213952,140.0290415967092,12.465658384851912
P002,apparel,2026-01-11,115.06175121051062,87.0366313694918,143.6829684115485,12.465658384851912
P002,apparel,2026-01-12,116.12784428374086,88.63921689805989,142.22125347142236,12.465658384851912
P002,apparel,2026-01-13,115.03442149052506,88.16479368300821,141.54821328839202,12.465658384851912
P002,apparel,2026-01-14,111.91782624047379,84.69411266603673,138.9192510574887,12.465658384851912
P002,apparel,2026-01-15,110.24026691621751,83.32351158856976,136.64706564944552,12.465658384851912
P002,apparel,2026-01-16,112.34010829773379,86.08544600832471,140.46731083707164,12.465658384851912
P002,apparel,2026-01-17,111.82369613904811,85.44958214145198,140.26548571770599,12.465658384851912
P002,apparel,2026-01-18,113.86299453538199,88.65674231781318,139.96286693407146,12.465658384851912
P002,apparel,2026-01-19,115.0819989995296,84.36661528241251,143.58319964434622,12.465658384851912
P002,apparel,2026-01-20,114.16564645439125,89.37786847521829,140.98203223101027,12.465658384851912
P002,apparel,2026-01-21,111.23547311941256,85.83435131713053,139.86707656766055,12.465658384851912
P002,apparel,2026-01-22,109.73991746664039,84.46893466707961,139.0271566108779,12.465658384851912
P002,apparel,2026-01-23,112.00316784406773,83.89030012048421,141.1834647974167,12.465658384851912
P002,apparel,2026-01-24,111.61404553875394,84.50552434863293,140.37504733046484,12.465658384851912
P002,apparel,2026-01-25,113.73397947887439,85.76547811409424,142.31532410479753,12.465658384851912
P002,apparel,2026-01-26,114.97445808173302,88.03952751317895,141.6598395555845,12.465658384851912
P002,apparel,2026-01-27,114.01155219430261,87.1212647625857,141.1918080546873,12.465658384851912
P002,apparel,2026-01-28,110.96174667102927,81.76513398206376,141.76151876259738,12.465658384851912
P002,apparel,2026-01-29,109.27351023593758,81.34991920505023,138.2663899725714,12.465658384851912
P002,apparel,2026-01-30,111.274269563229,83.60124175838972,138.69340419840924,12.465658384851912
P002,apparel,2026-01-31,110.55578366869784,83.31050881809428,137.76525241084096,12.465658384851912
P002,apparel,2026-02-01,112.2917687879318,84.63390919163366,139.14407315271313,12.465658384851912
P002,apparel,2026-02-02,113.10560338041635,85.83426786759158,140.2471812003618,12.465658384851912
P002,apparel,2026-02-03,111.68960495871042,84.88982413492378,137.00647130547938,12.465658384851912
P002,apparel,2026-02-04,108.18013056208144,80.89178011325978,134.58717411879618,12.465658384851912
P002,apparel,2026-02-05,106.04949253229348,78.8673636609157,137.6126754098051,12.465658384851912
P002,apparel,2026-02-06,107.65015230447361,76.59057616093128,133.77067388179276,12.465658384851912
P002,apparel,2026-02-07,106.59572401062115,79.33952405354854,133.672619283382,12.465658384851912
P002,apparel,2026-02-08,108.08746140647897,80.34466254204222,135.53803824497578,12.465658384851912
P002,apparel,2026-02-09,108.77152928343294,83.59977364084607,137.59814540714714,12.465658384851912
P002,apparel,2026-02-10,107.36247334929155,78.29898140172664,135.4455212362464,12.465658384851912
P002,apparel,2026-02-11,104.01717554066711,76.95762346984664,131.60129264573328,12.465658384851912
P002,apparel,2026-02-12,102.22686493908323,75.02498632539826,128.18624538146292,12.465658384851912
P002,apparel,2026-02-13,104.35845535386692,77.07366840727512,130.85442917410992,12.465658384851912
P002,apparel,2026-02-14,104.03128329041785,77.10860687958825,132.8589313897147,12.465658384851912
P002,apparel,2026-02-15,106.45274375089788,79.77477532450168,134.43962339838998,12.465658384851912
P002,apparel,2026-02-16,108.26559145094592,79.87998230230019,135.46696123488232,12.465658384851912
P002,apparel,2026-02-17,108.17623300545804,82.33196718304272,135.92977117686192,12.465658384851912
P002,apparel,2026-02-18,106.32831611974954,77.55490958492003,134.84840202152495,12.465658384851912
P002,apparel,2026-02-19,106.1957434788402,77.39436764926747,134.0218515206041,12.465658384851912
P002,apparel,2026-02-20,110.12216541234748,80.67108226028135,137.8917089726389,12.465658384851912
P002,apparel,2026-02-21,111.69453802107574,84.40062753096716,139.7950410726238,12.465658384851912
P002,apparel,2026-02-22,116.0890364184617,88.41716600093294,146.22649143621584,12.465658384851912
P002,apparel,2026-02-23,119.90952351885777,92.51485813738185,147.54183953206336,12.465658384851912
P002,apparel,2026-02-24,121.8217770788692,91.4239127679253,149.54014686068444,12.465658384851912
P002,apparel,2026-02-25,121.92776587895085,94.96540806922003,148.62394859543957,12.465658384851912
P002,apparel,2026-02-26,123.66062726984508,97.06712497768106,152.54591958409472,12.465658384851912
P002,apparel,2026-02-27,129.3231524355205,99.67877680617883,156.82088645289238,12.465658384851912
P002,apparel,2026-02-28,132.45885149171062,107.5078916077883,161.67045843714433,12.465658384851912
P002,apparel,2026-03-01,138.20865682040315,109.1792226992635,166.88295847351733,12.465658384851912
P003,electronics,2026-01-01,169.81670619216897,140.0454599129765,199.93269940667653,15.406519165110929
P003,electronics,2026-01-02,167.54879987981263,138.80800990342118,199.0353679181474,15.406519165110929
P003,electronics,2026-01-03,166.21264134485963,135.50100274600663,196.10178967220617,15.406519165110929
P003,electronics,2026-01-04,154.91013060423023,126.44121574475474,184.72009611399582,15.406519165110929
P003,electronics,2026-01-05,150.289902954457,119.24128653254638,179.28233720053623,15.406519165110929
P003,electronics,2026-01-06,145.89229758470407,115.71715082224082,175.76353833653687,15.406519165110929
P003,electronics,2026-01-07,139.2684479083482,109.13669885892845,169.1520161052482,15.406519165110929
P003,electronics,2026-01-08,134.63771272776503,101.66373660347132,164.8841313345492,15.406519165110929
P003,electronics,2026-01-09,134.69393546497184,102.98704102861493,165.8952707320768,15.406519165110929
P003,electronics,2026-01-10,136.02044666528417,104.07597382388509,166.68410620043886,15.406519165110929
P003,electronics,2026-01-11,127.64812096741821,95.23747671670719,155.89974333874986,15.406519165110929
P003,electronics,2026-01-12,126.18112217101894,96.19545791180242,156.32804203079246,15.406519165110929
P003,electronics,2026-01-13,125.08526462164541,92.74597385429675,155.42146381667376,15.406519165110929
P003,electronics,2026-01-14,121.83992352443741,92.11307164183658,151.07908390622126,15.406519165110929
P003,electronics,2026-01-15,120.60019558950043,90.4265272721409,151.52143877972426,15.406519165110929
P003,electronics,2026-01-16,123.99540894919679,95.84174137371254,154.6181686127098,15.406519165110929
P003,electronics,2026-01-17,128.5404645993643,97.71531429010223,159.98457647485623,15.406519165110929
P003,electronics,2026-01-18,123.19374103802092,93.69631090605192,152.71672973810146,15.406519165110929
P003,electronics,2026-01-19,124.52450236599486,93.5372978883909,152.17130162701346,15.406519165110929
P003,electronics,2026-01-20,125.94424491035127,94.44667486834652,157.20193126665765,15.406519165110929
P003,electronics,2026-01-21,124.89075191321865,93.06133735151808,153.74086937800732,15.406519165110929
P003,electronics,2026-01-22,125.49406086736208,96.06260171706613,155.61017143677083,15.406519165110929
P003,electronics,2026-01-23,130.36608139347794,101.24112403590551,159.89383483890876,15.406519165110929
P003,electronics,2026-01-24,136.00694576537285,105.96673416775864,168.72872468084327,15.406519165110929
P003,electronics,2026-01-25,131.36128167151782,102.04218840664174,160.28375461528805,15.406519165110929
P003,electronics,2026-01-26,133.02569511122834,102.04179690150038,161.45643278767028,15.406519165110929
P003,electronics,2026-01-27,134.4214487538546,105.02642805022752,164.0615833906708,15.406519165110929
P003,electronics,2026-01-28,133.00898688373982,100.55824081555544,164.057339718343,15.406519165110929
P003,electronics,2026-01-29,132.95605934331815,103.5691585042119,162.18707386809828,15.406519165110929
P003,electronics,2026-01-30,136.9168647676785,105.49539790458044,165.72918813847463,15.406519165110929
P003,electronics,2026-01-31,141.43193614226527,111.16980761769113,169.3784482269932,15.406519165110929
P003,electronics,2026-02-01,135.4814537956291,107.27417617851262,166.84833080036424,15.406519165110929
P003,electronics,2026-02-02,135.73165452400676,103.3422397998774,165.16435980105328,15.406519165110929
P003,electronics,2026-02-03,135.6479003125893,107.37071167766649,165.4210316978034,15.406519165110929
P003,electronics,2026-02-04,132.73896123410373,103.01453287621071,162.8616575190844,15.406519165110929
P003,electronics,2026-02-05,131.2268281303892,99.40248170119239,161.21078606204097,15.406519165110929
P003,electronics,2026-02-06,133.81516627744622,104.29301585187974,163.16019126224438,15.406519165110929
P003,electronics,2026-02-07,137.08277549936366,107.79360459094686,166.9767085994158,15.406519165110929
P003,electronics,2026-02-08,130.03423192368933,99.26365692322669,160.46446758013693,15.406519165110929
P003,electronics,2026-02-09,129.38574871970377,99.72557011892759,159.2297394215275,15.406519165110929
P003,electronics,2026-02-10,128.6193789795519,98.28716973736739,159.1756714837322,15.406519165110929
P003,electronics,2026-02-11,125.25799464306796,95.83813196819504,154.14361867557696,15.406519165110929
P003,electronics,2026-02-12,123.53789117663985,93.77089310324145,153.40235161648252,15.406519165110929
P003,electronics,2026-02-13,126.16778694336529,94.55577651205739,156.04090026711756,15.406519165110929
P003,electronics,2026-02-14,129.71718888808735,100.7108350105518,160.54602797230368,15.406519165110929
P003,electronics,2026-02-15,123.16575147722224,91.40058420444174,155.202967382517,15.406519165110929
P003,electronics,2026-02-16,123.22999558346149,93.06908044581897,153.51253020647496,15.406519165110929
P003,electronics,2026-02-17,123.36003101461392,93.07942577590313,152.8627566148119,15.406519165110929
P003,electronics,2026-02-18,121.04655798453663,89.87379391122909,151.72293448460115,15.406519165110929
P003,electronics,2026-02-19,120.49749568557895,91.17125599724015,149.93650334241806,15.406519165110929
P003,electronics,2026-02-20,124.38863221440383,95.71936172191508,156.56849226769967,15.406519165110929
P003,electronics,2026-02-21,129.2478453016783,97.07765500005671,159.48802517829643,15.406519165110929
P003,electronics,2026-02-22,124.00394902470491,95.71111103961357,153.5426119671077,15.406519165110929
P003,electronics,2026-02-23,125.35484444412543,93.714070907154,157.23606390852316,15.406519165110929
P003,electronics,2026-02-24,126.70712614308312,96.74086704907549,156.07436010061872,15.406519165110929
P003,electronics,2026-02-25,125.51525519620881,96.97093724674633,155.60992371494083,15.406519165110929
P003,electronics,2026-02-26,125.96214518233516,97.02416712972602,155.43765907734897,15.406519165110929
P003,electronics,2026-02-27,130.70118689126585,100.28808124479212,160.923575098118,15.406519165110929
P003,electronics,2026-02-28,136.2358508949347,106.90822735511081,168.6446118773776,15.406519165110929
P003,electronics,2026-03-01,131.46736867954837,99.54822748292956,163.11758630129992,15.406519165110929
P004,electronics,2026-01-01,133.85365260100426,113.9968344636263,154.1201037715836,14.848997450661892
P004,electronics,2026-01-02,130.36676913125152,110.68464071737158,152.17506553840167,14.848997450661892
P004,electronics,2026-01-03,127.90834861754153,107.06842287662691,149.0775421659843,14.848997450661892
P004,electronics,2026-01-04,125.20424366317621,104.59888025711169,146.64779980329212,14.848997450661892
P004,electronics,2026-01-05,119.72926322846745,98.85935910248801,140.8873455465354,14.848997450661892
P004,electronics,2026-01-06,118.13018966478352,96.3608545465867,139.05565553772064,14.848997450661892
P004,electronics,2026-01-07,115.43492142296276,93.50255338086755,136.08104761805055,14.848997450661892
P004,electronics,2026-01-08,110.42681039782182,89.98949925886002,130.6974962668631,14.848997450661892
P004,electronics,2026-01-09,108.29469175620692,87.65155181015702,128.60413565940442,14.848997450661892
P004,electronics,2026-01-10,107.38794861355792,86.85083816621881,127.60932628019178,14.848997450661892
P004,electronics,2026-01-11,106.39250497191885,83.53732429229424,128.24435016988974,14.848997450661892
P004,electronics,2026-01-12,102.73839906019158,80.50022538514438,123.84888613423088,14.848997450661892
P004,electronics,2026-01-13,103.04455418087858,82.3562535101597,123.87688243987844,14.848997450661892
P004,electronics,2026-01-14,102.28767980074147,82.38462305749584,122.93239915994765,14.848997450661892
P004,electronics,2026-01-15,99.20820250542364,79.00449029436648,119.35718579021184,14.848997450661892
P004,electronics,2026-01-16,98.96654405952496,78.2602123550986,120.29161758465234,14.848997450661892
P004,electronics,2026-01-17,99.87282322773409,80.32172188764713,121.72512263455155,14.848997450661892
P004,electronics,2026-01-18,100.57793328990074,79.37660397636338,123.69193122616579,14.848997450661892
P004,electronics,2026-01-19,98.47867573792476,77.82144566348954,119.46345749863659,14.848997450661892
P004,electronics,2026-01-20,100.18382173697015,78.8440618630169,122.27018019639408,14.848997450661892
P004,electronics,2026-01-21,100.64215016830846,79.22130635237889,120.85230888382814,14.848997450661892
P004,electronics,2026-01-22,98.57921226653897,78.71483816922833,120.70942335489504,14.848997450661892
P004,electronics,2026-01-23,99.15898280312634,78.51955497822021,121.74913239427892,14.848997450661892
P004,electronics,2026-01-24,100.68723496383473,80.36934199804301,121.30654187865295,14.848997450661892
P004,electronics,2026-01-25,101.81667768568289,80.42303806557452,121.45482825146175,14.848997450661892
P004,electronics,2026-01-26,99.94859389065107,79.40566827994823,120.22193211860328,14.848997450661892
P004,electronics,2026-01-27,101.71913571509621,80.90547913682973,123.63327950191261,14.848997450661892
P004,electronics,2026-01-28,102.08547125310153,81.69347501769685,122.44316799199494,14.848997450661892
P004,electronics,2026-01-29,99.79241158807963,79.26396500749033,121.23860122839938,14.848997450661892
P004,electronics,2026-01-30,100.03854710411952,79.44288956985041,121.09198359646038,14.848997450661892
P004,electronics,2026-01-31,101.15251428169061,80.12475313432043,121.77338948595282,14.848997450661892
P004,electronics,2026-02-01,101.81153874481436,81.09782275235507,123.03030845460418,14.848997450661892
P004,electronics,2026-02-02,99.43906718438998,77.31913897778384,122.00936857438676,14.848997450661892
P004,electronics,2026-02-03,100.71094067065576,79.78396060958855,120.15431758424587,14.848997450661892
P004,electronics,2026-02-04,100.59945684565199,78.71401038667007,122.17760085138835,14.848997450661892
P004,electronics,2026-02-05,97.86983103101632,75.57805183673011,117.97986735178633,14.848997450661892
P004,electronics,2026-02-06,97.75095199976285,76.0727066464914,116.73143989284556,14.848997450661892
P004,electronics,2026-02-07,98.58483074014607,76.607899841035,119.00119046474609,14.848997450661892
P004,electronics,2026-02-08,99.0589836553841,79.06941524660228,120.58380804396931,14.848997450661892
P004,electronics,2026-02-09,96.60062168295515,75.19357520582736,115.85432632516753,14.848997450661892
P004,electronics,2026-02-10,97.90337542418972,78.19999996974204,117.41748583906123,14.848997450661892
P004,electronics,2026-02-11,97.93003499707248,76.07503210430798,119.41806069233652,14.848997450661892
P004,electronics,2026-02-12,95.43967191436903,74.5473303941237,115.59874664462814,14.848997450661892
P004,electronics,2026-02-13,95.66387998313267,73.40048111030438,115.50334862959225,14.848997450661892
P004,electronics,2026-02-14,96.93028441599782,74.95589894947503,117.9473145327865,14.848997450661892
P004,electronics,2026-02-15,97.9096300389174,76.4970896808749,118.22142588542594,14.848997450661892
P004,electronics,2026-02-16,96.00735349573888,73.83230883498629,115.8988601220706,14.848997450661892
P004,electronics,2026-02-17,97.9116232036839,76.16180356832653,118.54486546675582,14.848997450661892
P004,electronics,2026-02-18,98.55543529215565,76.61514637987705,117.44123222508851,14.848997450661892
P004,electronics,2026-02-19,96.67497121151044,75.91213796921605,116.91773304857789,14.848997450661892
P004,electronics,2026-02-20,97.4917797149609,76.37416388981553,118.87910986195224,14.848997450661892
P004,electronics,2026-02-21,99.31067148288692,77.58874793110128,120.83872564781234,14.848997450661892
P004,electronics,2026-02-22,100.78169899128218,79.93060820561358,121.43294316497851,14.848997450661892
P004,electronics,2026-02-23,99.28915645351667,79.3495066532452,120.74392223706548,14.848997450661892
P004,electronics,2026-02-24,101.52083805403431,80.87982816932293,123.68478378477859,14.848997450661892
P004,electronics,2026-02-25,102.3892572387429,81.72262992327077,123.59700342304858,14.848997450661892
P004,electronics,2026-02-26,100.62088015895185,79.60431145279972,121.57791064281342,14.848997450661892
P004,electronics,2026-02-27,101.4437744011607,79.77967824189315,122.68378320572835,14.848997450661892
P004,electronics,2026-02-28,103.1593163467655,81.9183989687947,124.02723863028905,14.848997450661892
P004,electronics,2026-03-01,104.41841023493053,83.4463435595074,124.64540548314999,14.848997450661892
P005,apparel,2026-01-01,109.31666347723713,80.5126848277081,134.6422009251263,11.181799697175032
P005,apparel,2026-01-02,107.69652812508056,82.62416971901072,133.92274195313746,11.181799697175032
P005,apparel,2026-01-03,105.49941622324253,79.29594932004123,133.34787088874603,11.181799697175032
P005,apparel,2026-01-04,106.9134034025403,81.38853888870733,133.54138619183124,11.181799697175032
P005,apparel,2026-01-05,105.54946076307782,79.50492250689871,132.15163317057898,11.181799697175032
P005,apparel,2026-01-06,106.9244429463008,80.4357220495531,135.51278164917557,11.181799697175032
P005,apparel,2026-01-07,104.82570144658308,78.81508395396637,133.1110863197601,11.181799697175032
P005,apparel,2026-01-08,106.12766425242008,79.61450875225732,134.332515282693,11.181799697175032
P005,apparel,2026-01-09,104.84853752825646,76.530477994914,130.5893071747471,11.181799697175032
P005,apparel,2026-01-10,103.06697378502783,77.99991961337376,128.82924881359185,11.181799697175032
P005,apparel,2026-01-11,104.9673308264586,77.35570796364726,131.78904832651597,11.181799697175032
P005,apparel,2026-01-12,104.14828755955105,76.89759341461904,130.2298095156131,11.181799697175032
P005,apparel,2026-01-13,106.11849494480406,78.58090816736548,131.36746799691397,11.181799697175032
P005,apparel,2026-01-14,104.64830011041656,77.2900882451164,131.1519327200191,11.181799697175032
P005,apparel,2026-01-15,106.60047111111419,77.64154569243534,133.40412258162962,11.181799697175032
P005,apparel,2026-01-16,105.97290017751307,78.85602692473611,134.21495448979385,11.181799697175032
P005,apparel,2026-01-17,104.8273984306966,79.25127243999545,133.07206421794595,11.181799697175032
P005,apparel,2026-01-18,107.33219510565903,80.88433950736815,135.03675191339985,11.181799697175032
P005,apparel,2026-01-19,107.06408976778204,80.765125390115,132.08630245598718,11.181799697175032
P005,apparel,2026-01-20,109.517218480398,79.61251778842401,137.29519699472513,11.181799697175032
P005,apparel,2026-01-21,108.44224600571881,83.18390208519652,136.34196315556994,11.181799697175032
P005,apparel,2026-01-22,110.69148372040782,83.50875877829843,138.97021262708088,11.181799697175032
P005,apparel,2026-01-23,110.24772230202497,83.6828443154016,137.75593146722684,11.181799697175032
P005,apparel,2026-01-24,109.16515342434406,83.16562750991966,136.11639041825282,11.181799697175032
P005,apparel,2026-01-25,111.60897894331355,83.21647457365336,139.50875378526416,11.181799697175032
P005,apparel,2026-01-26,111.15083924688047,85.05738202515326,138.22636001801462,11.181799697175032
P005,apparel,2026-01-27,113.2903093492076,85.51867398860257,139.25905196223025,11.181799697175032
P005,apparel,2026-01-28,111.78105786852932,83.9282509548893,138.38316014487324,11.181799697175032
P005,apparel,2026-01-29,113.48975360828773,86.1235211493205,140.15564418348978,11.181799697175032
P005,apparel,2026-01-30,112.41033634633041,81.90506303843881,139.27431720336006,11.181799697175032
P005,apparel,2026-01-31,110.616306718684,83.2001038219257,139.56639568956368,11.181799697175032
P005,apparel,2026-02-01,112.29664099961366,85.91428816528463,139.40950988840532,11.181799697175032
P005,apparel,2026-02-02,111.04366938101586,85.64521123600535,136.52282942047913,11.181799697175032
P005,apparel,2026-02-03,112.38647885434314,84.67320385752586,140.91453966708093,11.181799697175032
P005,apparel,2026-02-04,110.10324420442033,83.06342000303948,135.91617201423966,11.181799697175032
P005,apparel,2026-02-05,111.09318183188937,87.11025084430517,137.51108609481375,11.181799697175032
P005,apparel,2026-02-06,109.37559439421346,83.28199769191652,136.7731822735746,11.181799697175032
P005,apparel,2026-02-07,107.052963772908,78.46857702603764,133.3482412392288,11.181799697175032
P005,apparel,2026-02-08,108.34272489969968,80.10570468120386,135.40378008648187,11.181799697175032
P005,apparel,2026-02-09,106.85728219739036,80.40662191389382,133.88560037700253,11.181799697175032
P005,apparel,2026-02-10,108.1491547563577,82.23223286274207,135.69583487351824,11.181799697175032
P005,apparel,2026-02-11,106.00947045732907,79.97341297260195,132.1105480375587,11.181799697175032
P005,apparel,2026-02-12,107.35311760841007,79.20860622821434,134.53470625570318,11.181799697175032
P005,apparel,2026-02-13,106.20287266178394,79.22210488548642,132.81441172466617,11.181799697175032
P005,apparel,2026-02-14,104.66375861810837,75.54251479942278,132.4445550829778,11.181799697175032
P005,apparel,2026-02-15,106.95128324172045,80.48349347554901,135.6119389834848,11.181799697175032
P005,apparel,2026-02-16,106.66432746524441,79.54392653055535,135.3905164537927,11.181799697175032
P005,apparel,2026-02-17,109.34287656553272,81.50546176650353,136.93842678707787,11.181799697175032
P005,apparel,2026-02-18,108.7536089280632,80.14267304716755,136.13714668359935,11.181799697175032
P005,apparel,2026-02-19,111.78923978175773,83.79943382221244,139.29365659785904,11.181799697175032
P005,apparel,2026-02-20,112.43876175878002,86.00199827011315,139.4615789225876,11.181799697175032
P005,apparel,2026-02-21,112.77410521672066,84.92496755347531,139.77770407050684,11.181799697175032
P005,apparel,2026-02-22,116.97585460164343,89.03364608884543,145.56338386941167,11.181799697175032
P005,apparel,2026-02-23,118.5999706000586,93.2609180734825,145.46834908900993,11.181799697175032
P005,apparel,2026-02-24,123.14898890481682,95.15443158036786,150.4685872604116,11.181799697175032
P005,apparel,2026-02-25,124.34547866700687,98.14085854761449,151.6510981385676,11.181799697175032
P005,apparel,2026-02-26,129.0462231308378,100.86344810671063,154.97094446059668,11.181799697175032
P005,apparel,2026-02-27,131.19906726709556,103.9066732443871,157.5475818089849,11.181799697175032
P005,apparel,2026-02-28,132.84220734298748,105.80425990050705,159.1516707650721,11.181799697175032
P005,apparel,2026-03-01,138.1275340489492,112.32298530242683,164.52063453943487,11.181799697175032
P006,electronics,2026-01-01,203.40098160826747,166.03590523692873,240.5170369494281,15.468513086569224
P006,electronics,2026-01-02,197.45902537575813,159.0071234420771,235.0535473076094,15.468513086569224
P006,electronics,2026-01-03,191.51925473813526,154.08875859197929,228.60227875174724,15.468513086569224
P006,electronics,2026-01-04,181.4389658041638,146.15710811374612,217.94489272313925,15.468513086569224
P006,electronics,2026-01-05,176.79584662962102,139.57312031011895,216.5707928709266,15.468513086569224
P006,electronics,2026-01-06,175.5008657725204,140.75079595962305,210.22273515511395,15.468513086569224
P006,electronics,2026-01-07,163.23705093912508,124.07102272054588,196.85289141584124,15.468513086569224
P006,electronics,2026-01-08,161.4621464804683,127.04278359842115,199.90332978338554,15.468513086569224
P006,electronics,2026-01-09,157.88309028497213,120.93541477069303,195.49643412455922,15.468513086569224
P006,electronics,2026-01-10,154.73981680069187,115.92304214096256,191.4265460417003,15.468513086569224
P006,electronics,2026-01-11,147.8276073993818,111.95038748538207,184.88101139510735,15.468513086569224
P006,electronics,2026-01-12,146.66618090824184,111.35494637183977,181.14801198339939,15.468513086569224
P006,electronics,2026-01-13,149.09374676133064,112.03548318022705,184.4216476041871,15.468513086569224
P006,electronics,2026-01-14,140.70706660190828,101.87831882892583,177.19693344859223,15.468513086569224
P006,electronics,2026-01-15,142.90457267026042,104.57826025523042,180.45636520007537,15.468513086569224
P006,electronics,2026-01-16,143.30663618907187,107.68262723693033,179.73169010323946,15.468513086569224
P006,electronics,2026-01-17,144.08004137530276,107.43249148299819,179.95657873202748,15.468513086569224
P006,electronics,2026-01-18,140.94513437608072,104.41772590899058,179.15420342194855,15.468513086569224
P006,electronics,2026-01-19,143.36273520590848,108.64976986232946,178.8037849411797,15.468513086569224
P006,electronics,2026-01-20,149.10915752875462,111.23316549510865,187.75767273018786,15.468513086569224
P006,electronics,2026-01-21,143.71706290016402,106.33659890387054,177.71146231270822,15.468513086569224
P006,electronics,2026-01-22,148.5582747670464,110.23678057213544,184.85170604689893,15.468513086569224
P006,electronics,2026-01-23,151.2088224469891,113.95824012414785,188.19571306042488,15.468513086569224
P006,electronics,2026-01-24,153.81285016378305,116.39500175274466,189.27970782023016,15.468513086569224
P006,electronics,2026-01-25,152.07314437943023,114.51504790097118,189.36925912987775,15.468513086569224
P006,electronics,2026-01-26,155.45430287756813,118.66172909268721,191.03191118100474,15.468513086569224
P006,electronics,2026-01-27,161.73705609077484,124.42016494505901,196.47065850248725,15.468513086569224
P006,electronics,2026-01-28,156.458193251236,119.49525419542746,193.59065387399062,15.468513086569224
P006,electronics,2026-01-29,161.0313414872789,123.59952241643855,195.79563991955496,15.468513086569224
P006,electronics,2026-01-30,163.0550903944882,127.14157981139303,201.74903168778306,15.468513086569224
P006,electronics,2026-01-31,164.71472012903592,129.58948244666317,201.7067841342149,15.468513086569224
P006,electronics,2026-02-01,161.75461081006736,123.90595677009239,198.56909448489796,15.468513086569224
P006,electronics,2026-02-02,163.69632870004324,126.18811172286516,198.7982851143238,15.468513086569224
P006,electronics,2026-02-03,168.37109705013054,132.32642905113573,205.34768838841768,15.468513086569224
P006,electronics,2026-02-04,161.35785623359067,124.72570244743308,197.18593630848395,15.468513086569224
P006,electronics,2026-02-05,164.14130392004438,129.2754788206768,200.99886213896195,15.468513086569224
P006,electronics,2026-02-06,164.36264323185395,129.51844900978017,200.52123825971677,15.468513086569224
P006,electronics,2026-02-07,164.25892607358426,128.95115233271,201.22279616756867,15.468513086569224
P006,electronics,2026-02-08,159.6173931666226,123.79466586681134,200.28057883949472,15.468513086569224
P006,electronics,2026-02-09,160.0087706519295,126.69049294299512,197.24023809331425,15.468513086569224
P006,electronics,2026-02-10,163.2984144454019,128.57575791617353,199.2719116602041,15.468513086569224
P006,electronics,2026-02-11,155.08323894819347,120.23469197864569,194.12446030849378,15.468513086569224
P006,electronics,2026-02-12,156.8879381403488,119.41424891791992,191.07039861073866,15.468513086569224
P006,electronics,2026-02-13,156.35943256793993,117.61770490137883,192.5522887621082,15.468513086569224
P006,electronics,2026-02-14,155.74502514569903,119.42777012075491,194.32364174303044,15.468513086569224
P006,electronics,2026-02-15,150.8299550707789,115.99437746067021,187.1478055935799,15.468513086569224
P006,electronics,2026-02-16,151.1872366099377,112.02619765711168,188.35844301252857,15.468513086569224
P006,electronics,2026-02-17,154.66881930760982,117.9734747854899,191.34662425497308,15.468513086569224
P006,electronics,2026-02-18,146.84270089947407,110.40544273508077,186.14420785195813,15.468513086569224
P006,electronics,2026-02-19,149.22858259954688,113.33593801472948,183.48649733003467,15.468513086569224
P006,electronics,2026-02-20,149.43717283791617,114.06151786990881,189.47498818240504,15.468513086569224
P006,electronics,2026-02-21,149.68818860237445,114.84629765980644,187.4364993542457,15.468513086569224
P006,electronics,2026-02-22,145.73200620476393,107.85164481062228,181.8319955173974,15.468513086569224
P006,electronics,2026-02-23,147.11675477531838,111.17983124899988,182.14786362815477,15.468513086569224
P006,electronics,2026-02-24,151.6600193895918,114.8479127915412,188.42558443181093,15.468513086569224
P006,electronics,2026-02-25,144.88647044673166,107.18596979077262,182.73562255753177,15.468513086569224
P006,electronics,2026-02-26,148.30308705687554,108.43678782376783,182.9098483824373,15.468513086569224
P006,electronics,2026-02-27,149.48325530078225,112.62077308394977,189.4616008470326,15.468513086569224
P006,electronics,2026-02-28,150.62436453794447,113.21370414313651,189.20311394747364,15.468513086569224
P006,electronics,2026-03-01,147.45312912283157,110.04441215857135,185.63165465444033,15.468513086569224
P007,apparel,2026-01-01,100.96163283530281,76.6806047705083,122.82265923319241,12.272313255526933
P007,apparel,2026-01-02,101.80788905518816,76.67033922015511,124.54888974765,12.272313255526933
P007,apparel,2026-01-03,102.35658953011693,77.69601335966414,123.41342685216274,12.272313255526933
P007,apparel,2026-01-04,100.43219911673353,75.7043858654004,122.76524761599289,12.272313255526933
P007,apparel,2026-01-05,102.37472781295878,79.91832725618522,126.41635397971288,12.272313255526933
P007,apparel,2026-01-06,102.16997092875928,77.06431636607996,127.17392905201051,12.272313255526933
P007,apparel,2026-01-07,100.53411120906998,77.33854237466879,123.96450948338003,12.272313255526933
P007,apparel,2026-01-08,99.99321597750725,75.86061101886689,123.30140447870922,12.272313255526933
P007,apparel,2026-01-09,100.48857033673069,76.8025967445867,125.64199862090665,12.272313255526933
P007,apparel,2026-01-10,100.72100352015875,78.03874124604918,122.8524317864718,12.272313255526933
P007,apparel,2026-01-11,98.52529007975885,73.14846161931202,123.33841181902552,12.272313255526933
P007,apparel,2026-01-12,100.25672326763824,77.9352865073893,123.92321293545076,12.272313255526933
P007,apparel,2026-01-13,99.90434079465315,74.33387808186943,122.8956425137638,12.272313255526933
P007,apparel,2026-01-14,98.19046342165976,73.24804478192888,123.24199309022544,12.272313255526933
P007,apparel,2026-01-15,97.64606895176044,74.41730623788673,121.04005130744837,12.272313255526933
P007,apparel,2026-01-16,98.21252109306411,75.87277391648914,122.13669879863005,12.272313255526933
P007,apparel,2026-01-17,98.58696904813887,75.01387946684127,120.79086289980634,12.272313255526933
P007,apparel,2026-01-18,96.59714887721768,73.2178525421853,120.11305736263081,12.272313255526933
P007,apparel,2026-01-19,98.59563655236423,75.17511271804004,123.4357899277903,12.272313255526933
P007,apparel,2026-01-20,98.5567161341156,75.14077152617483,122.1012958453738,12.272313255526933
P007,apparel,2026-01-21,97.1915130682849,73.15902528581753,121.97580653125779,12.272313255526933
P007,apparel,2026-01-22,97.01988247302148,72.41020975781421,120.71100801867948,12.272313255526933
P007,apparel,2026-01-23,97.96912876063203,74.43844062772874,122.8926002157066,12.272313255526933
P007,apparel,2026-01-24,98.72101098217837,75.9602459451626,121.42763746311734,12.272313255526933
P007,apparel,2026-01-25,97.08739605504073,74.37613627374195,121.47047595711759,12.272313255526933
P007,apparel,2026-01-26,99.41254666795604,74.64189497441859,122.28116218190186,12.272313255526933
P007,apparel,2026-01-27,99.65387793927403,74.68367504702998,122.60471113492046,12.272313255526933
P007,apparel,2026-01-28,98.51281325351195,73.73861157058617,123.11779833951249,12.272313255526933
P007,apparel,2026-01-29,98.50319112922885,74.78002186958894,122.06237134881368,12.272313255526933
P007,apparel,2026-01-30,99.54685500011834,74.70660045638192,122.39193146699921,12.272313255526933
P007,apparel,2026-01-31,100.32202153634093,75.86711812943669,125.2820078850803,12.272313255526933
P007,apparel,2026-02-01,98.63942746632672,75.16320740125323,120.95591912583576,12.272313255526933
P007,apparel,2026-02-02,100.85218904955522,77.42360706252595,122.25174443127469,12.272313255526933
P007,apparel,2026-02-03,100.91989288181193,77.53810372426358,124.30314163785555,12.272313255526933
P007,apparel,2026-02-04,99.55454591166671,75.96533094946213,122.07246304081613,12.272313255526933
P007,apparel,2026-02-05,99.28481807908331,76.9209208167238,123.12129232124126,12.272313255526933
P007,apparel,2026-02-06,100.04778652037668,75.98839352894204,122.72865515196592,12.272313255526933
P007,apparel,2026-02-07,100.53794101853043,77.08171236388209,124.46284781428454,12.272313255526933
P007,apparel,2026-02-08,98.58311185349963,75.4846961947473,123.68653557013607,12.272313255526933
P007,apparel,2026-02-09,100.56122480635152,78.18247005752488,125.30375771301105,12.272313255526933
P007,apparel,2026-02-10,100.44710897578831,78.14540337607393,125.49758291919966,12.272313255526933
P007,apparel,2026-02-11,98.97300352838215,75.95718445230098,123.8179781151862,12.272313255526933
P007,apparel,2026-02-12,98.68819689491292,74.27495910124752,124.03093727224163,12.272313255526933
P007,apparel,2026-02-13,99.54660012022595,77.67696920326594,121.31564008231908,12.272313255526933
P007,apparel,2026-02-14,100.25619044017324,76.86087350197165,125.37409599198077,12.272313255526933
P007,apparel,2026-02-15,98.65465600401019,74.20807780513061,123.0153580367577,12.272313255526933
P007,apparel,2026-02-16,101.13312159239402,76.92367689060754,124.6070618074958,12.272313255526933
P007,apparel,2026-02-17,101.66588820263398,76.38928115031712,126.218622400699,12.272313255526933
P007,apparel,2026-02-18,100.98584679261444,77.55634744758548,123.19337323148252,12.272313255526933
P007,apparel,2026-02-19,101.63999149556848,76.87337711932484,124.5061198215031,12.272313255526933
P007,apparel,2026-02-20,103.5734144535971,79.40702410179473,127.86156712088543,12.272313255526933
P007,apparel,2026-02-21,105.47987872801902,81.0245953941291,129.83191632985736,12.272313255526933
P007,apparel,2026-02-22,105.17795071712338,81.68618963683244,129.0059859458597,12.272313255526933
P007,apparel,2026-02-23,109.04252508526791,85.44265311533721,132.55102037249938,12.272313255526933
P007,apparel,2026-02-24,111.01835828852447,86.93875909657682,134.7934250678763,12.272313255526933
P007,apparel,2026-02-25,111.81125980527855,88.1817652991079,134.93610500306772,12.272313255526933
P007,apparel,2026-02-26,113.94033222511592,89.43276955724403,138.7955850000303,12.272313255526933
P007,apparel,2026-02-27,117.319196995315,95.53138567973211,141.81928791074148,12.272313255526933
P007,apparel,2026-02-28,120.60843782118762,96.80699860076884,143.7991409884165,12.272313255526933
P007,apparel,2026-03-01,121.5928705151662,95.77380961992343,144.64694883554384,12.272313255526933
P008,electronics,2026-01-01,27.04695198147747,21.40495854023176,32.52571725475898,22.193083948003636
P008,electronics,2026-01-02,25.588441672393625,19.593526340500546,31.267912136890736,22.193083948003636
P008,electronics,2026-01-03,25.556004592220383,19.64252745179305,31.043888476455887,22.193083948003636
P008,electronics,2026-01-04,24.350762183400185,18.688686284312567,30.55378782423102,22.193083948003636
P008,electronics,2026-01-05,23.082825375377585,16.897779374921967,28.98329015709328,22.193083948003636
P008,electronics,2026-01-06,22.566344503600508,16.773735745992376,27.937244140298702,22.193083948003636
P008,electronics,2026-01-07,22.002742629981793,16.037780480248838,27.87858816315826,22.193083948003636
P008,electronics,2026-01-08,21.19548452715035,15.53504984700051,27.101308654884896,22.193083948003636
P008,electronics,2026-01-09,20.117914911476657,14.250817153671665,25.99955141267507,22.193083948003636
P008,electronics,2026-01-10,20.52235246259654,14.985510512860285,26.825490533109942,22.193083948003636
P008,electronics,2026-01-11,19.79973876297467,13.871252259553165,25.78925622248541,22.193083948003636
P008,electronics,2026-01-12,19.05028485678,13.251266543481687,24.796314792512916,22.193083948003636
P008,electronics,2026-01-13,19.077633613126554,13.196423617138159,24.634259974711643,22.193083948003636
P008,electronics,2026-01-14,19.07198072943785,13.4173818661153,24.85060547426062,22.193083948003636
P008,electronics,2026-01-15,18.825740081162525,13.093374981732918,24.419666159778707,22.193083948003636
P008,electronics,2026-01-16,18.301517894158994,12.044282904891332,24.212864569432448,22.193083948003636
P008,electronics,2026-01-17,19.24191290927806,13.296853651321355,24.913019099124085,22.193083948003636
P008,electronics,2026-01-18,19.027643411265704,12.934836328393715,25.19429124150565,22.193083948003636
P008,electronics,2026-01-19,18.750701001111402,12.4748150690684,24.637205555599127,22.193083948003636
P008,electronics,2026-01-20,19.20754763947713,13.514968912921834,24.907571706725182,22.193083948003636
P008,electronics,2026-01-21,19.582005855661645,13.606350976200046,25.059487461479602,22.193083948003636
P008,electronics,2026-01-22,19.661665060269268,13.788860631316153,25.538439828370915,22.193083948003636
P008,electronics,2026-01-23,19.40580404626749,13.951550288420204,25.547881000631506,22.193083948003636
P008,electronics,2026-01-24,20.555682985823513,14.623453561275788,25.85697282651012,22.193083948003636
P008,electronics,2026-01-25,20.49091366852247,14.44442588570236,26.423456900997426,22.193083948003636
P008,electronics,2026-01-26,20.30487162861234,14.264692740451695,26.06300557805117,22.193083948003636
P008,electronics,2026-01-27,20.79667188806407,14.524459173762114,26.852705153882788,22.193083948003636
P008,electronics,2026-01-28,21.153572202775067,15.325536469928785,27.004617742886364,22.193083948003636
P008,electronics,2026-01-29,21.167870803406558,14.886184545825948,27.13954434180522,22.193083948003636
P008,electronics,2026-01-30,20.80454084772019,14.692421792207224,26.728925874564734,22.193083948003636
P008,electronics,2026-01-31,21.811797082160194,16.106229074708626,27.715814788758674,22.193083948003636
P008,electronics,2026-02-01,21.57551675417611,15.62842427258389,27.526740120094857,22.193083948003636
P008,electronics,2026-02-02,21.19674684475886,15.254992041525988,27.364099693689006,22.193083948003636
P008,electronics,2026-02-03,21.482328315780407,15.852936608355735,26.955335067453447,22.193083948003636
P008,electronics,2026-02-04,21.626718046688776,15.681954265328185,27.441881618994188,22.193083948003636
P008,electronics,2026-02-05,21.42932126418346,15.404913234836767,27.013561421533346,22.193083948003636
P008,electronics,2026-02-06,20.861819506195232,15.174495946775064,26.702582993492662,22.193083948003636
P008,electronics,2026-02-07,21.67903143229953,15.59709826074621,27.724561907216387,22.193083948003636
P008,electronics,2026-02-08,21.271440402935774,15.35508074251613,27.085253176444105,22.193083948003636
P008,electronics,2026-02-09,20.74488692170588,15.108346707753942,26.620033768387607,22.193083948003636
P008,electronics,2026-02-10,20.909962308517187,15.109240251148691,26.782198802784357,22.193083948003636
P008,electronics,2026-02-11,20.963396980578274,14.799865830914992,26.432921396952164,22.193083948003636
P008,electronics,2026-02-12,20.705997211476543,14.823094902181444,26.511224482087115,22.193083948003636
P008,electronics,2026-02-13,20.109852972154183,14.176930129846653,25.902800283785716,22.193083948003636
P008,electronics,2026-02-14,20.929690360091737,14.915097325720405,26.55485031754196,22.193083948003636
P008,electronics,2026-02-15,20.553708606272906,14.849961605833292,26.048708457684008,22.193083948003636
P008,electronics,2026-02-16,20.08565994012733,14.092663782506492,26.213802322993164,22.193083948003636
P008,electronics,2026-02-17,20.33320865489042,14.55033675603983,26.636401479331127,22.193083948003636
P008,electronics,2026-02-18,20.489070054765698,14.931075704689302,26.28527336301274,22.193083948003636
P008,electronics,2026-02-19,20.34971927030924,14.560839511025655,26.074723338336533,22.193083948003636
P008,electronics,2026-02-20,19.882625739291786,14.48547090653381,26.077682361336205,22.193083948003636
P008,electronics,2026-02-21,20.838219379500053,14.596236915548188,27.019685437453635,22.193083948003636
P008,electronics,2026-02-22,20.59913162353145,14.781554978662273,26.282470732289738,22.193083948003636
P008,electronics,2026-02-23,20.26472775040831,14.165176446517984,26.44126612236991,22.193083948003636
P008,electronics,2026-02-24,20.638465697513947,14.821939485496232,26.315247821600142,22.193083948003636
P008,electronics,2026-02-25,20.90878911827408,14.612179443737379,26.596266587362056,22.193083948003636
P008,electronics,2026-02-26,20.868581469988982,15.570929524620112,26.596879208095157,22.193083948003636
P008,electronics,2026-02-27,20.482371669684362,14.722351422971997,26.552970557779986,22.193083948003636
P008,electronics,2026-02-28,21.498832215064372,15.719346600199488,26.994406433260533,22.193083948003636
P008,electronics,2026-03-01,21.298319191509957,15.343066914613118,27.060440306333682,22.193083948003636
P009,staples,2026-01-01,45.69733149605354,36.1304410986469,56.29275499434849,11.528779854448073
P009,staples,2026-01-02,45.766542094131765,35.71005034200908,55.940955660443194,11.528779854448073
P009,staples,2026-01-03,44.87217913529425,34.72173587044649,54.5149606217314,11.528779854448073
P009,staples,2026-01-04,45.679454599251976,35.56432379562243,55.53694040878265,11.528779854448073
P009,staples,2026-01-05,46.392737027419386,36.329756068711,57.181643370711186,11.528779854448073
P009,staples,2026-01-06,44.656944017859956,34.510852597793765,55.51978353132792,11.528779854448073
P009,staples,2026-01-07,45.47552899144804,35.13810507933326,55.687717864420634,11.528779854448073
P009,staples,2026-01-08,45.44480184438744,35.56642862891329,56.21779849540364,11.528779854448073
P009,staples,2026-01-09,45.540249637589945,35.44033110067752,55.29114932101154,11.528779854448073
P009,staples,2026-01-10,44.67560535661875,34.38298783732557,54.81913567272806,11.528779854448073
P009,staples,2026-01-11,45.51847867348711,35.92808559504336,55.24716672223048,11.528779854448073
P009,staples,2026-01-12,46.271083676337895,36.04780344552473,56.70134957221579,11.528779854448073
P009,staples,2026-01-13,44.57552659144804,35.12817908868169,54.381883600958346,11.528779854448073
P009,staples,2026-01-14,45.439692294138496,35.14396495009297,56.032266433884836,11.528779854448073
P009,staples,2026-01-15,45.45585127377047,35.45053506512981,55.16094918538774,11.528779854448073
P009,staples,2026-01-16,45.599742049569635,34.75659573425982,55.25197919714304,11.528779854448073
P009,staples,2026-01-17,44.78323167319577,35.01179174689963,54.23035315777792,11.528779854448073
P009,staples,2026-01-18,45.67575929562557,35.65999523570396,56.293016221348736,11.528779854448073
P009,staples,2026-01-19,46.476890559583296,36.58555301353618,56.2084638052494,11.528779854448073
P009,staples,2026-01-20,44.8255186480205,35.28754295171025,55.22666605850038,11.528779854448073
P009,staples,2026-01-21,45.73366637880927,35.91569188221738,56.54113415556577,11.528779854448073
P009,staples,2026-01-22,45.78939249158174,36.44074703632737,55.59946993413845,11.528779854448073
P009,staples,2026-01-23,45.96864548667388,35.8871819977708,56.629793882799504,11.528779854448073
P009,staples,2026-01-24,45.1815218736615,35.51892295354329,55.1652495846281,11.528779854448073
P009,staples,2026-01-25,46.09952458870992,35.63840714218798,55.901012516258575,11.528779854448073
P009,staples,2026-01-26,46.919941997062764,36.22327195586154,57.159114251115994,11.528779854448073
P009,staples,2026-01-27,45.278956108154496,34.50123543146495,54.14103557407543,11.528779854448073
P009,staples,2026-01-28,46.19335010917061,36.45329026289331,56.286972844267574,11.528779854448073
P009,staples,2026-01-29,46.24770009442454,35.197210312220086,56.64169791365901,11.528779854448073
P009,staples,2026-01-30,46.41898308562534,36.19357369173421,56.71567989259158,11.528779854448073
P009,staples,2026-01-31,45.616412904046534,35.983739888002155,55.99803207653923,11.528779854448073
P009,staples,2026-02-01,46.51449101239877,36.46999477162583,57.25648905134864,11.528779854448073
P009,staples,2026-02-02,47.30918605243918,37.80927085788118,57.46098125795002,11.528779854448073
P009,staples,2026-02-03,45.6349242141191,35.254661799928236,55.46523873428721,11.528779854448073
P009,staples,2026-02-04,46.51417700380368,36.65452902300814,56.89474144103317,11.528779854448073
P009,staples,2026-02-05,46.528913777554955,36.925612117408086,56.8962226913155,11.528779854448073
P009,staples,2026-02-06,46.657940614142134,36.15102667139182,56.640791015660064,11.528779854448073
P009,staples,2026-02-07,45.810292500349796,35.64556249088394,55.73714179208387,11.528779854448073
P009,staples,2026-02-08,46.66405795429885,36.53323098620374,56.9944392524123,11.528779854448073
P009,staples,2026-02-09,47.41434369239008,37.77351996513865,57.87432584053982,11.528779854448073
P009,staples,2026-02-10,45.694135455569835,35.96822227144856,55.2602873840601,11.528779854448073
P009,staples,2026-02-11,46.531758383755445,36.51016030027332,56.20421412953898,11.528779854448073
P009,staples,2026-02-12,46.506587026960695,36.182558581505845,56.459985017258795,11.528779854448073
P009,staples,2026-02-13,46.59911614976845,36.476056411484734,56.60742865437987,11.528779854448073
P009,staples,2026-02-14,45.717914679313,35.70555601795198,55.83902894474417,11.528779854448073
P009,staples,2026-02-15,46.54423376159762,36.23869376485786,56.43599314013828,11.528779854448073
P009,staples,2026-02-16,47.27177011178237,37.67265909310197,56.705090722609775,11.528779854448073
P009,staples,2026-02-17,45.53141433444996,35.84147227436221,56.32396233202836,11.528779854448073
P009,staples,2026-02-18,46.35660389501857,36.373234810965585,56.935536138987544,11.528779854448073
P009,staples,2026-02-19,46.323312934100926,36.87174447884894,56.305058875449795,11.528779854448073
P009,staples,2026-02-20,46.41287897092521,36.628563796865656,57.14025459503529,11.528779854448073
P009,staples,2026-02-21,45.53254348109484,35.655622075225565,56.16952301523493,11.528779854448073
P009,staples,2026-02-22,46.36586838248135,36.54322449788393,56.261954685392915,11.528779854448073
P009,staples,2026-02-23,47.104322422400934,35.96287233363366,56.280552462004735,11.528779854448073
P009,staples,2026-02-24,45.375939950748496,35.44549339857123,56.00548923027752,11.528779854448073
P009,staples,2026-02-25,46.21858734662017,35.89813077024724,56.54861495247855,11.528779854448073
P009,staples,2026-02-26,46.20425075514843,35.73895673939104,56.19747029484293,11.528779854448073
P009,staples,2026-02-27,46.31463351957441,36.05777547525194,56.84439421862321,11.528779854448073
P009,staples,2026-02-28,45.45529448434063,35.167809348783614,55.878733510563684,11.528779854448073
P009,staples,2026-03-01,46.31187994693841,36.65427552782757,55.824491170770294,11.528779854448073
P010,staples,2026-01-01,115.53018342730034,89.27353211703354,141.70288000217903,13.312262732904912
P010,staples,2026-01-02,115.69228197863312,90.19903498723718,140.3299851692667,13.312262732904912
P010,staples,2026-01-03,113.88850060550894,88.09458558702462,138.41716033443285,13.312262732904912
P010,staples,2026-01-04,114.00866492176375,87.79893538800776,141.26033670166453,13.312262732904912
P010,staples,2026-01-05,115.92283964892233,88.82050708595212,142.31277886259363,13.312262732904912
P010,staples,2026-01-06,114.67878398779784,87.59531574941757,143.0946322715918,13.312262732904912
P010,staples,2026-01-07,112.1221993452648,84.71300491381392,138.71886333376688,13.312262732904912
P010,staples,2026-01-08,113.31106985766371,88.07713606751379,140.0270938848255,13.312262732904912
P010,staples,2026-01-09,113.29128039893092,86.90654524337445,139.17370760175245,13.312262732904912
P010,staples,2026-01-10,111.33384999943917,85.87807356504192,138.43323978385024,13.312262732904912
P010,staples,2026-01-11,111.32983200224274,84.18373802488185,137.57667870221246,13.312262732904912
P010,staples,2026-01-12,113.14930978332795,89.2494303050298,138.71863014030828,13.312262732904912
P010,staples,2026-01-13,111.83875999213187,86.54016578677037,138.73354740686563,13.312262732904912
P010,staples,2026-01-14,109.24377329840577,82.79758002019145,135.31794891667892,13.312262732904912
P010,staples,2026-01-15,110.42273423454031,84.53980033596797,136.8501501382419,13.312262732904912
P010,staples,2026-01-16,110.4197891488132,83.98401253023484,136.9101751794488,13.312262732904912
P010,staples,2026-01-17,108.5050833431573,80.95394546122968,134.03813752927644,13.312262732904912
P010,staples,2026-01-18,108.5698018150976,81.30270061560121,133.69394314731616,13.312262732904912
P010,staples,2026-01-19,110.48343066870113,84.78697223960533,135.45817561281302,13.312262732904912
P010,staples,2026-01-20,109.29098662823948,83.7808437746116,134.50372274518952,13.312262732904912
P010,staples,2026-01-21,106.83814782771726,81.15001886136861,132.61856286248351,13.312262732904912
P010,staples,2026-01-22,108.18419131941934,83.05485445987524,133.40311614582194,13.312262732904912
P010,staples,2026-01-23,108.37221408754097,81.49255002524703,134.14764131342233,13.312262732904912
P010,staples,2026-01-24,106.67226585173559,81.24351156938128,132.05995197630634,13.312262732904912
P010,staples,2026-01-25,106.9764157198035,81.47509734596927,132.15137060101628,13.312262732904912
P010,staples,2026-01-26,109.15416286462916,80.4583982725861,134.44591729642386,13.312262732904912
P010,staples,2026-01-27,108.24941916616974,83.05415641962126,136.1030018964161,13.312262732904912
P010,staples,2026-01-28,106.10794518769231,81.99832062276069,132.08585735002904,13.312262732904912
P010,staples,2026-01-29,107.78945359411635,83.025266042649,133.47934161881042,13.312262732904912
P010,staples,2026-01-30,108.33500900612044,79.26206063464595,134.9485330888263,13.312262732904912
P010,staples,2026-01-31,107.01300368515147,82.56790823471552,135.84553199200082,13.312262732904912
P010,staples,2026-02-01,107.71422195923024,81.19344846189976,133.21537370919083,13.312262732904912
P010,staples,2026-02-02,110.30539907011071,83.69709888051949,137.25277213431903,13.312262732904912
P010,staples,2026-02-03,109.82598436420723,84.8113051426852,135.03930778523608,13.312262732904912
P010,staples,2026-02-04,108.11793887196708,83.40782707013611,134.67827740029588,13.312262732904912
P010,staples,2026-02-05,110.23708948938457,83.58760873949846,134.924140803814,13.312262732904912
P010,staples,2026-02-06,111.21781935561953,83.47936923019586,138.79832268200144,13.312262732904912
P010,staples,2026-02-07,110.32202230209408,84.48456600124396,137.10772172969618,13.312262732904912
P010,staples,2026-02-08,111.43432153946772,85.44673408847508,138.91447365640485,13.312262732904912
P010,staples,2026-02-09,114.41394930290427,88.19258744324853,139.4759135772559,13.312262732904912
P010,staples,2026-02-10,114.29147414537587,88.44915360566227,140.52471662602898,13.312262732904912
P010,staples,2026-02-11,112.90114878709305,88.23528673554517,137.92811935673308,13.312262732904912
P010,staples,2026-02-12,115.29170260285073,90.9458912011822,143.84441155166706,13.312262732904912
P010,staples,2026-02-13,116.48850247120605,90.47238816916466,143.12011587505282,13.312262732904912
P010,staples,2026-02-14,115.74565184003359,92.34016517786888,140.62786511892014,13.312262732904912
P010,staples,2026-02-15,116.94150911062779,91.16906254466396,142.49530818479676,13.312262732904912
P010,staples,2026-02-16,119.92900716849664,94.76985223972319,147.32546710337584,13.312262732904912
P010,staples,2026-02-17,119.73243217763938,93.82012325277056,145.7995431661365,13.312262732904912
P010,staples,2026-02-18,118.18237284935536,93.1046983480565,144.16127451225142,13.312262732904912
P010,staples,2026-02-19,120.32596252530082,92.79480015112604,148.39927611845633,13.312262732904912
P010,staples,2026-02-20,121.18647941175347,96.21646711068703,145.97207661466993,13.312262732904912
P010,staples,2026-02-21,120.01851549025979,92.7339112164702,147.38950485682255,13.312262732904912
P010,staples,2026-02-22,120.7036761209029,96.18362974307263,145.88030245419756,13.312262732904912
P010,staples,2026-02-23,123.0991785824797,96.90738790692444,148.26831368218706,13.312262732904912
P010,staples,2026-02-24,122.23448173355588,96.44759903433275,148.50698919288712,13.312262732904912
P010,staples,2026-02-25,119.94860024296806,96.38540621541456,145.23692029029104,13.312262732904912
P010,staples,2026-02-26,121.29952913851439,97.9026076766845,147.66951161459806,13.312262732904912
P010,staples,2026-02-27,121.32099187408005,97.3298558965364,147.79589863340047,13.312262732904912
P010,staples,2026-02-28,119.28037030902867,93.60276464197622,145.81533900941534,13.312262732904912
P010,staples,2026-03-01,119.0742674904853,94.51159645874841,145.80356738583234,13.312262732904912
P011,electronics,2026-01-01,76.41424879658913,59.684108852991436,92.68593606852461,18.557752969093833
P011,electronics,2026-01-02,71.16985810106272,54.879712777014866,87.22273611831625,18.557752969093833
P011,electronics,2026-01-03,70.61396045908273,55.38334442880507,87.22722533448831,18.557752969093833
P011,electronics,2026-01-04,67.74997366653452,51.545354810088064,83.52196592223798,18.557752969093833
P011,electronics,2026-01-05,65.19019849930388,50.17933479832295,79.94547000707763,18.557752969093833
P011,electronics,2026-01-06,63.64493937882756,48.676745351003994,80.56992751023628,18.557752969093833
P011,electronics,2026-01-07,60.656161071843954,45.35576957635419,76.3999935911673,18.557752969093833
P011,electronics,2026-01-08,58.16544531890049,43.735249769364124,73.91758720343343,18.557752969093833
P011,electronics,2026-01-09,53.990104576748756,38.43157511267114,69.481172714909,18.557752969093833
P011,electronics,2026-01-10,54.69299057891972,39.39261078521921,70.34672269394585,18.557752969093833
P011,electronics,2026-01-11,53.24788599688124,37.67642215065754,68.8056289471234,18.557752969093833
P011,electronics,2026-01-12,52.237008169314414,36.76768422242589,68.14881452426609,18.557752969093833
P011,electronics,2026-01-13,52.33798218787374,37.03867334750718,67.49997748625185,18.557752969093833
P011,electronics,2026-01-14,51.05799063447278,35.909995603866925,66.35061882031451,18.557752969093833
P011,electronics,2026-01-15,50.304483734614145,34.230587620251484,66.82353322589131,18.557752969093833
P011,electronics,2026-01-16,47.85995596909721,33.15867912218157,63.073949353883265,18.557752969093833
P011,electronics,2026-01-17,50.255824499766426,34.80183154373222,65.64177201477742,18.557752969093833
P011,electronics,2026-01-18,50.43290630172269,35.24558731339381,65.96738327956255,18.557752969093833
P011,electronics,2026-01-19,50.94550442907439,34.985847553831356,67.39615184994683,18.557752969093833
P011,electronics,2026-01-20,52.44606952631197,36.4210053594746,68.4073117410398,18.557752969093833
P011,electronics,2026-01-21,52.41954516636188,36.80653502903574,67.52294921745295,18.557752969093833
P011,electronics,2026-01-22,52.75641056793588,37.661544548993575,67.45940085191869,18.557752969093833
P011,electronics,2026-01-23,51.225588655421525,36.151449411305336,66.0388670204514,18.557752969093833
P011,electronics,2026-01-24,54.35176828553143,39.72025246105846,69.05350457494573,18.557752969093833
P011,electronics,2026-01-25,55.07026425005811,40.25652732616859,70.53954785781482,18.557752969093833
P011,electronics,2026-01-26,55.93692681860644,40.0606400533777,71.56984140041102,18.557752969093833
P011,electronics,2026-01-27,57.609696840929836,41.022376389454855,73.9561521349787,18.557752969093833
P011,electronics,2026-01-28,57.582337978741045,42.72821348262182,72.95529909658916,18.557752969093833
P011,electronics,2026-01-29,57.75901113041686,41.890324482611206,73.12691287177744,18.557752969093833
P011,electronics,2026-01-30,55.924542083427795,41.420039638380295,71.05671209573013,18.557752969093833
P011,electronics,2026-01-31,58.62446469834352,42.86831313261127,73.84733122752839,18.557752969093833
P011,electronics,2026-02-01,58.8136082922003,43.24386043196512,75.54297233843793,18.557752969093833
P011,electronics,2026-02-02,59.07125851680339,44.20624518188182,74.37323195836184,18.557752969093833
P011,electronics,2026-02-03,60.07913129723753,45.468281918144534,75.93768124744824,18.557752969093833
P011,electronics,2026-02-04,59.35412513516485,43.365748709307184,74.84027036526341,18.557752969093833
P011,electronics,2026-02-05,58.82417595466054,44.722033436682324,73.5398287592935,18.557752969093833
P011,electronics,2026-02-06,56.295752899599904,41.81342749492116,72.1905069769737,18.557752969093833
P011,electronics,2026-02-07,58.33661180089726,42.441010797435986,73.47765122972353,18.557752969093833
P011,electronics,2026-02-08,57.91821763713625,41.65982270326968,73.12479130984698,18.557752969093833
P011,electronics,2026-02-09,57.636377196621304,42.58425857012862,73.18026486172967,18.557752969093833
P011,electronics,2026-02-10,58.185956426547456,42.77481244223374,73.73741815575254,18.557752969093833
P011,electronics,2026-02-11,57.093070166789104,41.1714737364228,72.713057952446,18.557752969093833
P011,electronics,2026-02-12,56.29271386650317,41.2581455945293,71.28232646161884,18.557752969093833
P011,electronics,2026-02-13,53.59404744184958,38.60225934843293,69.22275043677969,18.557752969093833
P011,electronics,2026-02-14,55.56646532426701,39.34478858583685,70.73731253757467,18.557752969093833
P011,electronics,2026-02-15,55.17648864102627,40.92162653737132,70.17872715044379,18.557752969093833
P011,electronics,2026-02-16,55.01451418136223,40.09279025031775,70.82806855059427,18.557752969093833
P011,electronics,2026-02-17,55.76691118484028,40.24322459470533,70.84314778876072,18.557752969093833
P011,electronics,2026-02-18,54.948258289653644,38.82502863157689,69.36287115697218,18.557752969093833
P011,electronics,2026-02-19,54.48131901299823,38.226529687152684,69.29614765760155,18.557752969093833
P011,electronics,2026-02-20,52.1606225854347,36.97135472391601,68.94542319342926,18.557752969093833
P011,electronics,2026-02-21,54.54228839503235,38.63308604059541,70.1329089214213,18.557752969093833
P011,electronics,2026-02-22,54.57574377612342,37.93788295785429,69.06407152782909,18.557752969093833
P011,electronics,2026-02-23,54.836854984037565,39.450407776415865,70.38570226339498,18.557752969093833
P011,electronics,2026-02-24,55.9975734438233,40.859536039514516,70.57405373503184,18.557752969093833
P011,electronics,2026-02-25,55.558291616910154,41.393518779326456,71.50146447397645,18.557752969093833
P011,electronics,2026-02-26,55.43013588702674,40.25303232737041,70.84961550390926,18.557752969093833
P011,electronics,2026-02-27,53.396723036520214,37.79059994484699,67.87736200530254,18.557752969093833
P011,electronics,2026-02-28,56.00752854952305,39.988224777720255,71.95685436567044,18.557752969093833
P011,electronics,2026-03-01,56.20413851885343,40.872571791250216,71.65212771088798,18.557752969093833
P012,staples,2026-01-01,75.45455525364197,56.00467402253242,95.78376632431018,14.516783384940027
P012,staples,2026-01-02,75.73119591833877,57.13017203933153,94.88351184509143,14.516783384940027
P012,staples,2026-01-03,71.99581315582364,52.50974627319489,89.55886047145414,14.516783384940027
P012,staples,2026-01-04,75.70433545679357,55.97864841281843,95.1212300506069,14.516783384940027
P012,staples,2026-01-05,74.8328213760115,55.46713698108631,93.27323533942253,14.516783384940027
P012,staples,2026-01-06,73.23639886188782,52.69226615109979,93.01802197382858,14.516783384940027
P012,staples,2026-01-07,74.21243839582455,55.18079750195808,94.0791084602115,14.516783384940027
P012,staples,2026-01-08,73.33550650131833,54.23682350116967,93.39995975863391,14.516783384940027
P012,staples,2026-01-09,73.81937651949048,55.2416795259066,93.06447145498964,14.516783384940027
P012,staples,2026-01-10,70.33888054519191,52.42003823727893,89.88943108624369,14.516783384940027
P012,staples,2026-01-11,74.33759184341598,54.85243485588065,94.2373529052143,14.516783384940027
P012,staples,2026-01-12,73.79342430712511,53.89790280923219,94.50137701735125,14.516783384940027
P012,staples,2026-01-13,72.5521128163327,53.275400807843084,91.48489314901374,14.516783384940027
P012,staples,2026-01-14,73.90123595889071,55.45866954540965,94.11714570693023,14.516783384940027
P012,staples,2026-01-15,73.41001457846923,55.60664149942725,92.73427911902118,14.516783384940027
P012,staples,2026-01-16,74.28152982264635,53.91655748056659,93.19207865322431,14.516783384940027
P012,staples,2026-01-17,71.18531229379971,52.517155107515805,90.29350778858702,14.516783384940027
P012,staples,2026-01-18,75.54877579450715,54.68998189116005,95.69027816710245,14.516783384940027
P012,staples,2026-01-19,75.34921667122151,56.445174050782974,93.5077377650705,14.516783384940027
P012,staples,2026-01-20,74.42191276904158,56.72428233554891,94.43255034458802,14.516783384940027
P012,staples,2026-01-21,76.04503651480138,56.7878462996061,95.79758964812086,14.516783384940027
P012,staples,2026-01-22,75.78430108755789,57.5425123046864,94.41371539401808,14.516783384940027
P012,staples,2026-01-23,76.83534975654698,58.220364293176075,94.80856849917565,14.516783384940027
P012,staples,2026-01-24,73.8670083890714,53.530856341626745,93.86416920345695,14.516783384940027
P012,staples,2026-01-25,78.296360530002,59.245818593409766,97.58317247211869,14.516783384940027
P012,staples,2026-01-26,78.10700324307416,58.845022235351436,96.35313845595644,14.516783384940027
P012,staples,2026-01-27,77.13159155725451,57.04265544006122,97.62937694297119,14.516783384940027
P012,staples,2026-01-28,78.64744360727056,58.84751562611798,98.15558917924966,14.516783384940027
P012,staples,2026-01-29,78.22581615092324,58.680261734503965,99.46632412650237,14.516783384940027
P012,staples,2026-01-30,79.064232755374,61.05599162144453,99.25778836333994,14.516783384940027
P012,staples,2026-01-31,75.84015927310905,56.613598541595245,94.95967407461502,14.516783384940027
P012,staples,2026-02-01,79.96947838320294,61.65811749930971,101.0455112127445,14.516783384940027
P012,staples,2026-02-02,79.45076510310938,60.00257024788718,98.59576980752166,14.516783384940027
P012,staples,2026-02-03,78.12205135877382,58.563449156188234,97.23425892593342,14.516783384940027
P012,staples,2026-02-04,79.26691539420284,60.165084404117195,99.46067972022755,14.516783384940027
P012,staples,2026-02-05,78.46820208328428,59.59683199444979,97.93927074487895,14.516783384940027
P012,staples,2026-02-06,78.93013368171583,58.37781737222864,98.10349483815457,14.516783384940027
P012,staples,2026-02-07,75.34228452958932,56.07114663322312,94.33216100380402,14.516783384940027
P012,staples,2026-02-08,79.12136724127103,59.6289064960081,98.54484479235603,14.516783384940027
P012,staples,2026-02-09,78.28147841221191,58.981659429538546,98.3141563404725,14.516783384940027
P012,staples,2026-02-10,76.66507353571882,56.89885639577065,96.76460275664353,14.516783384940027
P012,staples,2026-02-11,77.55957087886246,59.23488480030772,97.10929913878358,14.516783384940027
P012,staples,2026-02-12,76.55558593889867,56.10660222386392,94.66189013901321,14.516783384940027
P012,staples,2026-02-13,76.85893137009182,57.48033399281919,95.72097855722919,14.516783384940027
P012,staples,2026-02-14,73.16503186459869,52.94656897471225,92.20428570743448,14.516783384940027
P012,staples,2026-02-15,76.8841934270922,57.68453864217115,96.03130908578143,14.516783384940027
P012,staples,2026-02-16,76.03801650322877,56.86063925699129,95.66225459006894,14.516783384940027
P012,staples,2026-02-17,74.46479886276155,55.87711764893748,92.90761251721665,14.516783384940027
P012,staples,2026-02-18,75.44688599952337,56.03739101487334,96.73272560818282,14.516783384940027
P012,staples,2026-02-19,74.57365988547635,54.656917293405854,92.635333678436,14.516783384940027
P012,staples,2026-02-20,75.04366976266665,55.41257206364733,94.28067854062878,14.516783384940027
P012,staples,2026-02-21,71.54972383994591,51.92453325337104,90.14570028569277,14.516783384940027
P012,staples,2026-02-22,75.48786679890866,56.09442485182258,95.12562255342228,14.516783384940027
P012,staples,2026-02-23,74.88016789011658,55.397707929392354,94.28628011778264,14.516783384940027
P012,staples,2026-02-24,73.55473611705948,54.447487884781864,92.72839401689113,14.516783384940027
P012,staples,2026-02-25,74.78397332529026,56.05910256778987,95.03684862991487,14.516783384940027
P012,staples,2026-02-26,74.1524410817039,53.46333268441757,93.43678377913885,14.516783384940027
P012,staples,2026-02-27,74.84921055632391,55.571647480704016,94.83637679490059,14.516783384940027
P012,staples,2026-02-28,71.5636813851585,52.724192837347836,91.23309700255751,14.516783384940027
P012,staples,2026-03-01,75.67827866242808,55.62553941049276,94.53136289668974,14.516783384940027
P013,apparel,2026-01-01,67.1140608906355,55.50949628497852,79.0053065016141,9.376032027344984
P013,apparel,2026-01-02,67.03718403231946,56.339280659282295,78.8698224111047,9.376032027344984
P013,apparel,2026-01-03,65.63353573540708,54.38774798924136,76.9041819709915,9.376032027344984
P013,apparel,2026-01-04,66.53303720208442,55.79305733013388,77.75232918986072,9.376032027344984
P013,apparel,2026-01-05,66.46124543852373,56.00460056135736,77.28918733656981,9.376032027344984
P013,apparel,2026-01-06,67.0868141710517,55.40153490091723,78.68795871908743,9.376032027344984
P013,apparel,2026-01-07,65.26096581923204,53.950253703074885,76.35605246915578,9.376032027344984
P013,apparel,2026-01-08,65.43424817510466,54.17711911607685,76.88454823002324,9.376032027344984
P013,apparel,2026-01-09,65.28656521491412,54.077827379560986,76.46588373962689,9.376032027344984
P013,apparel,2026-01-10,63.865775182813536,51.49872819791214,74.97029256313832,9.376032027344984
P013,apparel,2026-01-11,64.81521375772365,53.51891745146059,75.89219380222302,9.376032027344984
P013,apparel,2026-01-12,64.84998607655575,53.328525940501095,75.91017695423695,9.376032027344984
P013,apparel,2026-01-13,65.641895615136,54.957019708215896,76.74915539814758,9.376032027344984
P013,apparel,2026-01-14,64.02808154792027,54.06522914859586,76.30142864530954,9.376032027344984
P013,apparel,2026-01-15,64.46712683571037,53.35912893401312,75.58241884115573,9.376032027344984
P013,apparel,2026-01-16,64.62384486458751,52.923392057579754,76.13359643839529,9.376032027344984
P013,apparel,2026-01-17,63.53383357590544,52.97814586746636,75.56696456262135,9.376032027344984
P013,apparel,2026-01-18,64.841450285522,52.94372573904695,76.00457961160497,9.376032027344984
P013,apparel,2026-01-19,65.24007262946814,54.065017532012185,76.37661094747006,9.376032027344984
P013,apparel,2026-01-20,66.39488735488459,55.1095589357938,77.18540938700383,9.376032027344984
P013,apparel,2026-01-21,65.12104188496171,53.54459395175967,76.26323898424928,9.376032027344984
P013,apparel,2026-01-22,65.87939796430962,54.676705301969875,77.35421082255426,9.376032027344984
P013,apparel,2026-01-23,66.31630366155673,54.90842044680716,77.73585698681326,9.376032027344984
P013,apparel,2026-01-24,65.45426044402355,53.864701127258535,76.43806469929197,9.376032027344984
P013,apparel,2026-01-25,66.94042806336296,55.440520564491806,78.44066334449124,9.376032027344984
P013,apparel,2026-01-26,67.45085088381667,55.226497171881256,78.6162158318136,9.376032027344984
P013,apparel,2026-01-27,68.65102012074864,57.42979365491459,81.02217007344943,9.376032027344984
P013,apparel,2026-01-28,67.34337180946522,56.49772714617461,78.62030936402284,9.376032027344984
P013,apparel,2026-01-29,68.00244097571233,56.29399914170081,79.09831171318488,9.376032027344984
P013,apparel,2026-01-30,68.26930326693665,57.20695551930783,79.2357836099877,9.376032027344984
P013,apparel,2026-01-31,67.16797730457452,56.48781034330131,77.76477807461177,9.376032027344984
P013,apparel,2026-02-01,68.36403080305935,56.5429035029379,79.97215331603334,9.376032027344984
P013,apparel,2026-02-02,68.53230473253117,57.40455180682744,80.06857912439361,9.376032027344984
P013,apparel,2026-02-03,69.35475651580366,58.679887486412895,80.94615188215789,9.376032027344984
P013,apparel,2026-02-04,67.6368016622287,56.2328324602671,79.7398644637255,9.376032027344984
P013,apparel,2026-02-05,67.88137064821447,57.1400285983873,78.4677512994874,9.376032027344984
P013,apparel,2026-02-06,67.73754248666712,56.02717989800431,79.72901010274093,9.376032027344984
P013,apparel,2026-02-07,66.24223956303044,54.98398812090601,77.95949127122196,9.376032027344984
P013,apparel,2026-02-08,67.0885409834426,55.3371803293718,78.32773173944874,9.376032027344984
P013,apparel,2026-02-09,66.95657194736937,56.37743006970724,79.62104156551126,9.376032027344984
P013,apparel,2026-02-10,67.54836755488327,55.72015821559672,78.17717820654511,9.376032027344984
P013,apparel,2026-02-11,65.67287889524312,54.01929290131805,76.52924902146249,9.376032027344984
P013,apparel,2026-02-12,65.85884110719931,55.15952646013337,76.7808555795566,9.376032027344984
P013,apparel,2026-02-13,65.75759904297422,54.6136409317141,76.84710887351457,9.376032027344984
P013,apparel,2026-02-14,64.41018775828775,53.1479622046732,74.8986065396391,9.376032027344984
P013,apparel,2026-02-15,65.52553785761702,54.98740404047862,76.78458554120746,9.376032027344984
P013,apparel,2026-02-16,65.77480229923468,54.83977750593436,78.00908432711192,9.376032027344984
P013,apparel,2026-02-17,66.86359371679364,55.84528699870476,78.73823187828137,9.376032027344984
P013,apparel,2026-02-18,65.58607932175262,54.27199017485359,76.63411898117413,9.376032027344984
P013,apparel,2026-02-19,66.47714452752645,55.79385664885231,78.14255796199379,9.376032027344984
P013,apparel,2026-02-20,67.16994180004332,55.402087939891416,79.01621795137876,9.376032027344984
P013,apparel,2026-02-21,66.68891977243719,54.978056345502196,78.34308422811588,9.376032027344984
P013,apparel,2026-02-22,68.73849951803832,56.19204438935826,79.08252455292731,9.376032027344984
P013,apparel,2026-02-23,69.96141712632875,58.62809056951911,81.44448867614562,9.376032027344984
P013,apparel,2026-02-24,72.04889557988683,60.499191765271526,82.32721788526547,9.376032027344984
P013,apparel,2026-02-25,71.7643558421452,60.98232908946778,83.74008723859282,9.376032027344984
P013,apparel,2026-02-26,73.6353541889479,62.943377107363226,84.56004908580692,9.376032027344984
P013,apparel,2026-02-27,75.26626887692169,63.533956289043026,85.89970899584267,9.376032027344984
P013,apparel,2026-02-28,75.65761641761182,64.5019057070459,86.96725785321168,9.376032027344984
P013,apparel,2026-03-01,78.50545071076532,67.49744121867465,89.45152130822699,9.376032027344984
P014,apparel,2026-01-01,35.86159490353438,25.450157135649697,46.43904903239747,15.074960045416587
P014,apparel,2026-01-02,35.12392302088399,25.365761964881486,46.12979688126052,15.074960045416587
P014,apparel,2026-01-03,34.64549905340652,24.40296474834884,44.30018508205573,15.074960045416587
P014,apparel,2026-01-04,34.45473826964667,24.516134174146437,45.620109381635885,15.074960045416587
P014,apparel,2026-01-05,35.64383687613565,25.734462472526477,45.78700649465667,15.074960045416587
P014,apparel,2026-01-06,35.37658873996202,24.662140823842734,45.144596325670264,15.074960045416587
P014,apparel,2026-01-07,34.89246785258037,24.679996664251984,44.81385183882657,15.074960045416587
P014,apparel,2026-01-08,35.46693438373288,25.566961545667866,45.85265953967822,15.074960045416587
P014,apparel,2026-01-09,34.50094733027616,24.39631544574801,45.13518926950272,15.074960045416587
P014,apparel,2026-01-10,33.81680494248589,23.482379596682282,43.95804065041624,15.074960045416587
P014,apparel,2026-01-11,33.448567352860145,23.476484240901495,43.70677939067953,15.074960045416587
P014,apparel,2026-01-12,34.49183380829361,23.985088941250684,44.46954255168585,15.074960045416587
P014,apparel,2026-01-13,34.11692280263948,23.908816177001242,44.420681394041516,15.074960045416587
P014,apparel,2026-01-14,33.56404908393173,23.656493580076365,43.21308951829208,15.074960045416587
P014,apparel,2026-01-15,34.10802943625526,23.71589385523524,44.822081423229555,15.074960045416587
P014,apparel,2026-01-16,33.152102813529126,23.290909309674745,42.9262747025076,15.074960045416587
P014,apparel,2026-01-17,32.51467585651262,21.499107233227704,42.68149896517433,15.074960045416587
P014,apparel,2026-01-18,32.226674426488096,22.269345453960735,42.46080157572595,15.074960045416587
P014,apparel,2026-01-19,33.378309940129554,22.953330634049575,42.86560111215566,15.074960045416587
P014,apparel,2026-01-20,33.13792259533504,22.767757093800803,43.38552146339061,15.074960045416587
P014,apparel,2026-01-21,32.73854144354815,22.530260629974443,42.52700233838449,15.074960045416587
P014,apparel,2026-01-22,33.447257895420655,23.09692466672749,43.225512558511255,15.074960045416587
P014,apparel,2026-01-23,32.663592118440135,22.296107108207444,42.33748017390294,15.074960045416587
P014,apparel,2026-01-24,32.19734546065893,22.376859800687157,42.93915784362118,15.074960045416587
P014,apparel,2026-01-25,32.073039184978995,22.951333152413124,42.491816520293824,15.074960045416587
P014,apparel,2026-01-26,33.373779518364614,23.279471636600675,43.16006940350814,15.074960045416587
P014,apparel,2026-01-27,33.265821291384086,23.237100247964193,42.653980360634556,15.074960045416587
P014,apparel,2026-01-28,32.97651416773608,22.87699952346829,43.19684048077345,15.074960045416587
P014,apparel,2026-01-29,33.76829253311196,22.958188565418908,43.61374430087426,15.074960045416587
P014,apparel,2026-01-30,33.041483919377896,23.40352814913108,43.6090157639995,15.074960045416587
P014,apparel,2026-01-31,32.60311443261561,22.376136935077668,42.169844277278806,15.074960045416587
P014,apparel,2026-02-01,32.478235948234044,22.332808430940254,42.50084070015806,15.074960045416587
P014,apparel,2026-02-02,33.750652574085414,23.311942927066685,43.3281855218182,15.074960045416587
P014,apparel,2026-02-03,33.592936374327515,23.92241867203141,44.29568781562623,15.074960045416587
P014,apparel,2026-02-04,33.23546895224101,24.389891270879815,43.872285050933236,15.074960045416587
P014,apparel,2026-02-05,33.944743755933814,23.283658279848826,43.663135256357336,15.074960045416587
P014,apparel,2026-02-06,33.13030918121125,22.682289395635976,43.73040356192435,15.074960045416587
P014,apparel,2026-02-07,32.604226219507744,22.442852827833704,42.93932756847006,15.074960045416587
P014,apparel,2026-02-08,32.398999692001055,22.63575531057278,42.44728653780902,15.074960045416587
P014,apparel,2026-02-09,33.60490741324369,23.45570307788568,43.993923063906934,15.074960045416587
P014,apparel,2026-02-10,33.40524359323792,23.02892363710288,43.35681113128676,15.074960045416587
P014,apparel,2026-02-11,33.036273254231105,22.689357325412377,43.03612276600007,15.074960045416587
P014,apparel,2026-02-12,33.76971263907936,23.275961872292246,43.993394036150654,15.074960045416587
P014,apparel,2026-02-13,33.023725737000774,22.69759005987905,42.89600670143025,15.074960045416587
P014,apparel,2026-02-14,32.61300918203175,22.358813412437456,42.7021558821782,15.074960045416587
P014,apparel,2026-02-15,32.57336033572789,22.787337626216974,42.94577398715638,15.074960045416587
P014,apparel,2026-02-16,33.99569943840029,24.157127032714996,43.92949462141803,15.074960045416587
P014,apparel,2026-02-17,34.06668635594215,23.716470893084093,44.384687199325306,15.074960045416587
P014,apparel,2026-02-18,34.019785033171786,23.83909600315414,42.8362718584272,15.074960045416587
P014,apparel,2026-02-19,35.12216526063047,25.037183535900237,44.83117142251827,15.074960045416587
P014,apparel,2026-02-20,34.790034965677116,24.64202889712538,45.21444935288648,15.074960045416587
P014,apparel,2026-02-21,34.8296655433643,24.02078160971629,44.92431755856156,15.074960045416587
P014,apparel,2026-02-22,35.26893152282081,25.13181555151495,45.38444736547794,15.074960045416587
P014,apparel,2026-02-23,37.18837194589589,26.74695044314775,46.951239829172536,15.074960045416587
P014,apparel,2026-02-24,37.767527691908974,27.37565378222691,48.465210152260816,15.074960045416587
P014,apparel,2026-02-25,38.22745353744232,28.165078876626104,48.0076769856192,15.074960045416587
P014,apparel,2026-02-26,39.822358708288824,29.158246202532244,49.901379911921765,15.074960045416587
P014,apparel,2026-02-27,39.95956223653427,30.174219796206025,49.69080945110769,15.074960045416587
P014,apparel,2026-02-28,40.4317067187064,30.081302949066792,51.30243108211955,15.074960045416587
P014,apparel,2026-03-01,41.25547016336714,31.076122669158593,51.114634295199416,15.074960045416587
P015,staples,2026-01-01,35.70095412489548,28.393107317078503,43.028994131204534,11.84705557188334
P015,staples,2026-01-02,34.96273824711523,27.445084750253056,42.92448824029926,11.84705557188334
P015,staples,2026-01-03,35.65523994810152,27.916988978867217,43.12435576550007,11.84705557188334
P015,staples,2026-01-04,35.083712017955,27.63174290732489,42.5830883604416,11.84705557188334
P015,staples,2026-01-05,36.39273810672536,29.169111570635422,44.337367934385284,11.84705557188334
P015,staples,2026-01-06,35.36293949507064,27.267067486829337,43.314403183870034,11.84705557188334
P015,staples,2026-01-07,34.34617374921503,26.69091267602548,42.574328270338306,11.84705557188334
P015,staples,2026-01-08,35.54492754391296,28.079102590699925,43.12016455693626,11.84705557188334
P015,staples,2026-01-09,34.97569879743233,27.544116885881387,42.54230124398048,11.84705557188334
P015,staples,2026-01-10,35.844417436150295,28.414950548483173,43.20376569559196,11.84705557188334
P015,staples,2026-01-11,35.44965651611312,27.508206912661283,43.24270484120081,11.84705557188334
P015,staples,2026-01-12,36.93523700478471,28.649900748191296,44.22852351181406,11.84705557188334
P015,staples,2026-01-13,36.07331523822033,28.210435834670935,43.79813880221509,11.84705557188334
P015,staples,2026-01-14,35.21416116436086,28.189714551579506,42.8984072962794,11.84705557188334
P015,staples,2026-01-15,36.55867046977317,28.68559464648292,44.26295758903105,11.84705557188334
P015,staples,2026-01-16,36.11558018797413,28.741796398883977,43.75033608670236,11.84705557188334
P015,staples,2026-01-17,37.09087417382397,29.839431248751517,44.87578700472998,11.84705557188334
P015,staples,2026-01-18,36.777483912652585,29.0156546987519,44.61223918308839,11.84705557188334
P015,staples,2026-01-19,38.32017227441847,31.21251581116086,46.174420967153424,11.84705557188334
P015,staples,2026-01-20,37.4849691200035,29.505566072873687,44.99812276682928,11.84705557188334
P015,staples,2026-01-21,36.62347939088743,28.870714040228652,44.27587217199736,11.84705557188334
P015,staples,2026-01-22,37.93844873846802,30.43738289594275,45.98138466859964,11.84705557188334
P015,staples,2026-01-23,37.434732339861974,30.181593499661798,44.9917090488944,11.84705557188334
P015,staples,2026-01-24,38.322592354439884,30.35059755142686,45.77517116420639,11.84705557188334
P015,staples,2026-01-25,37.89378559048913,30.088986743724014,45.18590141328218,11.84705557188334
P015,staples,2026-01-26,39.298615951784456,31.932926137607417,46.98081952935342,11.84705557188334
P015,staples,2026-01-27,38.30160333831063,31.058851620049207,46.30999933358377,11.84705557188334
P015,staples,2026-01-28,37.26020517255665,29.850693527695256,45.14097498609068,11.84705557188334
P015,staples,2026-01-29,38.3833206490738,30.497138718741954,46.02519761807058,11.84705557188334
P015,staples,2026-01-30,37.675902462955804,30.29440312280806,45.533329124585805,11.84705557188334
P015,staples,2026-01-31,38.35604349638926,30.902954684284325,46.73284489876041,11.84705557188334
P015,staples,2026-02-01,37.71735890021059,29.781843563466346,45.20253923470602,11.84705557188334
P015,staples,2026-02-02,38.918127603295375,31.696370162390302,46.560384086761225,11.84705557188334
P015,staples,2026-02-03,37.723129860524786,29.74173756099483,45.34484576917412,11.84705557188334
P015,staples,2026-02-04,36.49673432622644,27.95702180804399,44.88724543376554,11.84705557188334
P015,staples,2026-02-05,37.45431112286246,30.117836284083594,45.30532964140207,11.84705557188334
P015,staples,2026-02-06,36.60047561862921,28.971734614899333,44.06146803110489,11.84705557188334
P015,staples,2026-02-07,37.15997275969077,29.430496557024398,44.82583966635405,11.84705557188334
P015,staples,2026-02-08,36.42638108668635,28.31589575331618,44.666743785785336,11.84705557188334
P015,staples,2026-02-09,37.5633892423351,29.754579301367418,45.70680973962008,11.84705557188334
P015,staples,2026-02-10,36.33286533292804,28.788161175880663,43.22638960541121,11.84705557188334
P015,staples,2026-02-11,35.102388297092894,27.33126655099436,43.43524672348585,11.84705557188334
P015,staples,2026-02-12,36.08966205541618,28.425420730610796,44.14985394960997,11.84705557188334
P015,staples,2026-02-13,35.294494680236156,28.083739506693355,42.823727886207706,11.84705557188334
P015,staples,2026-02-14,35.94359206848296,28.709230411955915,43.86871269150656,11.84705557188334
P015,staples,2026-02-15,35.32570098746735,27.26293635170888,42.43539654181302,11.84705557188334
P015,staples,2026-02-16,36.60513997975337,28.511029365316702,44.85455906524604,11.84705557188334
P015,staples,2026-02-17,35.53621908955981,27.802815704400768,42.90945023922653,11.84705557188334
P015,staples,2026-02-18,34.485330106900754,26.8986171429027,42.366239032900694,11.84705557188334
P015,staples,2026-02-19,35.66846939681862,27.955515217269014,43.44722214196453,11.84705557188334
P015,staples,2026-02-20,35.0770502648027,27.191010990528095,42.391060764049726,11.84705557188334
P015,staples,2026-02-21,35.936691437459295,28.17266606608105,43.88436129063239,11.84705557188334
P015,staples,2026-02-22,35.52887006879895,27.91836636329996,42.519335522946015,11.84705557188334
P015,staples,2026-02-23,37.01676163947032,29.411356855543357,44.75268109158025,11.84705557188334
P015,staples,2026-02-24,36.14604696184557,28.38455721984485,43.75372238868583,11.84705557188334
P015,staples,2026-02-25,35.28157966603195,27.79095721607939,43.29750970477891,11.84705557188334
P015,staples,2026-02-26,36.638017171011704,29.152791570979854,44.557288361494635,11.84705557188334
P015,staples,2026-02-27,36.19944696203913,28.50417065471402,43.64228927897026,11.84705557188334
P015,staples,2026-02-28,37.19213251634433,29.53452313036527,44.888911906463925,11.84705557188334
P015,staples,2026-03-01,36.892621983464,28.77242063753856,44.29029794417129,11.84705557188334
P016,electronics,2026-01-01,117.37070493780746,97.97058925062724,137.00174993321193,18.987871855273863
P016,electronics,2026-01-02,114.68856584694699,95.85016189474712,133.013925671402,18.987871855273863
P016,electronics,2026-01-03,113.41833846788914,95.27255035980274,133.59092262217808,18.987871855273863
P016,electronics,2026-01-04,106.29111800244924,87.09274493047386,124.58731971541373,18.987871855273863
P016,electronics,2026-01-05,103.40513739889785,84.28145308150941,121.66787928661417,18.987871855273863
P016,electronics,2026-01-06,105.02921591581564,87.04064623930377,123.70190803765976,18.987871855273863
P016,electronics,2026-01-07,97.2490322248073,76.82720510376677,117.1766253123343,18.987871855273863
P016,electronics,2026-01-08,94.3336572327871,75.33906545964966,115.13091227430316,18.987871855273863
P016,electronics,2026-01-09,92.91644853558256,73.60178096469798,110.64371164815951,18.987871855273863
P016,electronics,2026-01-10,93.17033153313085,73.50870064369454,111.90850459524587,18.987871855273863
P016,electronics,2026-01-11,87.77487883297566,67.89456497175448,106.43530485617543,18.987871855273863
P016,electronics,2026-01-12,86.8091322107794,67.22512483895481,104.9356507609308,18.987871855273863
P016,electronics,2026-01-13,90.49899122097982,70.84023211471671,111.04873254284564,18.987871855273863
P016,electronics,2026-01-14,84.85550658366962,65.4716100438264,103.91058168326424,18.987871855273863
P016,electronics,2026-01-15,84.13145603864616,64.2334208599995,102.41490246008584,18.987871855273863
P016,electronics,2026-01-16,84.9072411563144,66.66313016751188,105.07062021322977,18.987871855273863
P016,electronics,2026-01-17,87.3117219494545,68.6830572673704,105.83740433026948,18.987871855273863
P016,electronics,2026-01-18,83.96722588132778,65.85714132352588,104.23768074193771,18.987871855273863
P016,electronics,2026-01-19,84.93550335964596,66.14959004525942,104.91130779593367,18.987871855273863
P016,electronics,2026-01-20,90.40885370306475,71.02093430084108,108.8710709238238,18.987871855273863
P016,electronics,2026-01-21,86.34004466399355,67.77105338305464,106.31702225387112,18.987871855273863
P016,electronics,2026-01-22,86.98835920041634,68.09392561459522,105.39271910569956,18.987871855273863
P016,electronics,2026-01-23,88.90976272048056,69.95963376149936,108.80775514193624,18.987871855273863
P016,electronics,2026-01-24,92.2224217251711,73.89981294594979,110.68772374980371,18.987871855273863
P016,electronics,2026-01-25,89.52866113018334,72.4694578184418,106.56393276800165,18.987871855273863
P016,electronics,2026-01-26,90.91298859285254,69.68839108660531,110.75180482861832,18.987871855273863
P016,electronics,2026-01-27,96.57584001952493,78.03332240616552,116.15311110614842,18.987871855273863
P016,electronics,2026-01-28,92.45398560774139,73.4811309465564,112.46317821117246,18.987871855273863
P016,electronics,2026-01-29,92.85491756708545,73.5980035291406,112.4529565155595,18.987871855273863
P016,electronics,2026-01-30,94.35019818609393,76.07190590227994,113.58320422661136,18.987871855273863
P016,electronics,2026-01-31,97.08464237625785,78.02117256040162,115.887945981011,18.987871855273863
P016,electronics,2026-02-01,93.6742994086913,75.4997385541285,112.30885241355597,18.987871855273863
P016,electronics,2026-02-02,94.25574206124763,75.44783786334247,114.27154132501624,18.987871855273863
P016,electronics,2026-02-03,99.06176748353535,80.76051849126472,117.9299340439199,18.987871855273863
P016,electronics,2026-02-04,94.03178112562041,75.04935681206264,112.36404178571324,18.987871855273863
P016,electronics,2026-02-05,93.53418344114134,74.59042490603957,113.22657365669379,18.987871855273863
P016,electronics,2026-02-06,94.16272973575921,76.29973954845582,112.39639838792412,18.987871855273863
P016,electronics,2026-02-07,96.0893817948435,75.35192869640872,114.64739973966806,18.987871855273863
P016,electronics,2026-02-08,91.93848980570499,72.64667765274704,111.54862014477179,18.987871855273863
P016,electronics,2026-02-09,91.88768429203633,74.05164192245147,111.40263809033506,18.987871855273863
P016,electronics,2026-02-10,96.18601965683791,76.03537239550964,115.08439701159227,18.987871855273863
P016,electronics,2026-02-11,90.75495580302398,71.95992233836056,110.05353404761613,18.987871855273863
P016,electronics,2026-02-12,89.99947575889304,70.68290543370343,108.9484584684248,18.987871855273863
P016,electronics,2026-02-13,90.50827817828164,71.38624350205751,108.3944323530628,18.987871855273863
P016,electronics,2026-02-14,92.4511825003334,73.18490469394898,111.3437368956601,18.987871855273863
P016,electronics,2026-02-15,88.430432341947,69.5273082679965,107.52940578252156,18.987871855273863
P016,electronics,2026-02-16,88.63412099854432,68.9057601887549,106.9466809262963,18.987871855273863
P016,electronics,2026-02-17,93.29769078820716,74.10426290608083,111.52323895340712,18.987871855273863
P016,electronics,2026-02-18,88.29638166019335,68.84256795199154,107.94500844358714,18.987871855273863
P016,electronics,2026-02-19,88.04588075342753,69.57038494366698,107.21524011729247,18.987871855273863
P016,electronics,2026-02-20,89.10705821833201,71.57949493493031,109.10706513301997,18.987871855273863
P016,electronics,2026-02-21,91.62852718686281,71.51007959423674,108.63788527329204,18.987871855273863
P016,electronics,2026-02-22,88.17554498705542,69.28821792664084,105.98296347784024,18.987871855273863
P016,electronics,2026-02-23,88.9363120175963,69.5661301712144,108.54609084561525,18.987871855273863
P016,electronics,2026-02-24,94.12702273996622,74.504039933866,113.28067946031753,18.987871855273863
P016,electronics,2026-02-25,89.57583010081358,70.33177289897644,109.1286739219469,18.987871855273863
P016,electronics,2026-02-26,89.71293015324332,70.63692381823323,106.49781048259665,18.987871855273863
P016,electronics,2026-02-27,91.0796042433781,71.7543932492317,110.11441228281522,18.987871855273863
P016,electronics,2026-02-28,93.8155664137939,74.6870308884456,113.83601688943705,18.987871855273863
P016,electronics,2026-03-01,90.46497802912666,72.3072848030424,109.84773294187809,18.987871855273863
P017,electronics,2026-01-01,154.4519938461755,130.74488531982053,179.03770547680705,15.592046946858899
P017,electronics,2026-01-02,153.99563446986681,129.99132691395417,178.0567121456375,15.592046946858899
P017,electronics,2026-01-03,145.26317254112294,121.57381413092082,169.2749453117648,15.592046946858899
P017,electronics,2026-01-04,145.16872245453501,121.11753819959284,167.41716806222303,15.592046946858899
P017,electronics,2026-01-05,139.19674309414327,114.36687637956224,163.70884118535056,15.592046946858899
P017,electronics,2026-01-06,132.21720385141577,108.19304186871295,155.41856202871236,15.592046946858899
P017,electronics,2026-01-07,128.21308974762871,104.78656616037595,151.44817426325164,15.592046946858899
P017,electronics,2026-01-08,125.13982598201231,101.30391354795648,148.18935898916146,15.592046946858899
P017,electronics,2026-01-09,126.25942839857301,102.34704818524612,150.98633385321537,15.592046946858899
P017,electronics,2026-01-10,119.38188404287706,93.90294845197432,141.82287191989158,15.592046946858899
P017,electronics,2026-01-11,121.41671799351974,99.57479326098843,144.12461106935652,15.592046946858899
P017,electronics,2026-01-12,117.77434402230271,92.94317133188076,140.69879537893442,15.592046946858899
P017,electronics,2026-01-13,113.2873526059154,89.26729845854567,138.14871124567463,15.592046946858899
P017,electronics,2026-01-14,111.89724912404824,87.27678425812068,134.90076519664171,15.592046946858899
P017,electronics,2026-01-15,111.50444780854697,85.31691765513388,136.3333958184636,15.592046946858899
P017,electronics,2026-01-16,115.3270041432548,92.32705923144714,139.04132117815823,15.592046946858899
P017,electronics,2026-01-17,111.1003093636824,88.55927224789447,135.50118787503413,15.592046946858899
P017,electronics,2026-01-18,115.72166736899426,92.14036396117237,141.5504879261952,15.592046946858899
P017,electronics,2026-01-19,114.52764314082036,91.68087695105787,138.69625471880838,15.592046946858899
P017,electronics,2026-01-20,112.32129438901369,88.11405283946473,135.8289847079438,15.592046946858899
P017,electronics,2026-01-21,113.01777792630635,88.45320756818623,137.10352435861182,15.592046946858899
P017,electronics,2026-01-22,114.48437448721286,90.07171229774441,138.41297804649997,15.592046946858899
P017,electronics,2026-01-23,119.92310811405065,96.60299939935135,144.79006855997113,15.592046946858899
P017,electronics,2026-01-24,117.02792423515835,90.84042780524946,140.8127829550153,15.592046946858899
P017,electronics,2026-01-25,122.72133503363887,97.68990277329677,146.33880241070878,15.592046946858899
P017,electronics,2026-01-26,122.30673936199263,97.66544199612339,147.0325248005267,15.592046946858899
P017,electronics,2026-01-27,120.60051544997087,96.00104476626893,144.66535808311968,15.592046946858899
P017,electronics,2026-01-28,121.53538582600618,97.60708209881005,146.2757319520912,15.592046946858899
P017,electronics,2026-01-29,122.98936569056272,98.06996819506675,146.57927080585563,15.592046946858899
P017,electronics,2026-01-30,128.19119299228078,104.87664648040783,152.82215158631377,15.592046946858899
P017,electronics,2026-01-31,124.83397208268326,99.69155225217331,148.15921794947485,15.592046946858899
P017,electronics,2026-02-01,129.9029529745786,106.71993356455548,153.61564277295446,15.592046946858899
P017,electronics,2026-02-02,128.70199398792667,104.48294392185035,151.99776184111562,15.592046946858899
P017,electronics,2026-02-03,126.08981160339653,102.79779809353771,148.6397097179655,15.592046946858899
P017,electronics,2026-02-04,126.04054013574647,102.38076821736216,148.66847619122842,15.592046946858899
P017,electronics,2026-02-05,126.46119115261865,102.19949211284897,151.9420208262837,15.592046946858899
P017,electronics,2026-02-06,130.61963985229244,106.96942350797389,153.50150578189488,15.592046946858899
P017,electronics,2026-02-07,126.21464043946844,102.30920858528006,150.66061195825904,15.592046946858899
P017,electronics,2026-02-08,130.29480396596307,105.71659687338544,154.3918826628412,15.592046946858899
P017,electronics,2026-02-09,128.15942071919352,103.64649008938423,151.02111432283763,15.592046946858899
P017,electronics,2026-02-10,124.69922633788563,100.05627221842937,147.36252057378948,15.592046946858899
P017,electronics,2026-02-11,123.91464363488643,99.30999790207669,146.4105517432077,15.592046946858899
P017,electronics,2026-02-12,123.72235176286375,99.47042176034465,147.0733570103184,15.592046946858899
P017,electronics,2026-02-13,127.40651931506746,105.9911636599267,152.44684962833495,15.592046946858899
P017,electronics,2026-02-14,122.64595197222451,98.34293119688542,147.43167902708365,15.592046946858899
P017,electronics,2026-02-15,126.52507665411571,100.56639126084015,152.71642939238694,15.592046946858899
P017,electronics,2026-02-16,124.30995491958407,98.92418857287312,148.57558991174457,15.592046946858899
P017,electronics,2026-02-17,120.89439650614382,96.81743439531292,145.85198964335214,15.592046946858899
P017,electronics,2026-02-18,120.27669135960237,95.44354424274738,143.4606309854281,15.592046946858899
P017,electronics,2026-02-19,120.35605178790988,95.2187697062014,142.47888987051613,15.592046946858899
P017,electronics,2026-02-20,124.40779086036225,99.19469239772636,147.21510312616024,15.592046946858899
P017,electronics,2026-02-21,120.06821876408966,95.96828875457135,142.54535736223409,15.592046946858899
P017,electronics,2026-02-22,124.43815291345443,102.22733149940163,147.72405243261824,15.592046946858899
P017,electronics,2026-02-23,122.73453372231184,98.39524762411897,147.04704291013633,15.592046946858899
P017,electronics,2026-02-24,119.84218055793477,96.6503265433846,142.54382227790256,15.592046946858899
P017,electronics,2026-02-25,119.74918806747894,96.05404550553637,145.42572089632105,15.592046946858899
P017,electronics,2026-02-26,120.33329357453056,96.61598842260415,144.7164299112353,15.592046946858899
P017,electronics,2026-02-27,124.86093378783117,101.31201293051458,148.6628886313383,15.592046946858899
P017,electronics,2026-02-28,120.92970959355931,97.4383770132676,144.4525908605844,15.592046946858899
P017,electronics,2026-03-01,125.66413762301958,101.0112210225811,150.28014819754486,15.592046946858899
P018,apparel,2026-01-01,126.20702710033814,95.9864647248071,157.62217619178926,10.99861000163192
P018,apparel,2026-01-02,124.45323557919158,95.79602025401755,153.56223198233005,10.99861000163192
P018,apparel,2026-01-03,126.28079323855019,99.38909275672476,155.60653267842608,10.99861000163192
P018,apparel,2026-01-04,125.92934926742569,95.99580919142612,154.55488382551312,10.99861000163192
P018,apparel,2026-01-05,129.47650507292607,100.64301198449395,155.92333302205373,10.99861000163192
P018,apparel,2026-01-06,126.0176644087473,96.81004718537869,154.355374607528,10.99861000163192
P018,apparel,2026-01-07,126.23125208304639,96.76312281522573,155.03488334706807,10.99861000163192
P018,apparel,2026-01-08,122.91305352573286,94.06298008296325,152.63379318106317,10.99861000163192
P018,apparel,2026-01-09,120.90347679136437,88.37115429341124,148.39941741562365,10.99861000163192
P018,apparel,2026-01-10,122.58343309069171,93.46199668757362,151.84391984080668,10.99861000163192
P018,apparel,2026-01-11,122.18984090607289,92.23619332097104,153.30447681013402,10.99861000163192
P018,apparel,2026-01-12,125.80770974567733,96.35966646366698,155.67031772420748,10.99861000163192
P018,apparel,2026-01-13,122.51616312550212,93.88655022361088,151.3494833309896,10.99861000163192
P018,apparel,2026-01-14,122.99887748120159,95.8938723039627,151.35813949691916,10.99861000163192
P018,apparel,2026-01-15,120.03239811592454,92.13928785254348,150.79407674765937,10.99861000163192
P018,apparel,2026-01-16,118.44875618913069,90.83636792113602,149.55296176807298,10.99861000163192
P018,apparel,2026-01-17,120.61480099156537,91.15713484137662,150.6246585930016,10.99861000163192
P018,apparel,2026-01-18,120.7415960666579,91.84983151891197,148.65120539909717,10.99861000163192
P018,apparel,2026-01-19,124.90052369824436,96.31056318786489,152.2341824340715,10.99861000163192
P018,apparel,2026-01-20,122.13625265011586,92.6022146148155,149.85287667145008,10.99861000163192
P018,apparel,2026-01-21,123.12308717284868,94.8359304307321,151.43226611207552,10.99861000163192
P018,apparel,2026-01-22,120.60784339294125,91.62709239928643,150.72151396103143,10.99861000163192
P018,apparel,2026-01-23,119.40827881491295,88.51759341306102,147.80873074324367,10.99861000163192
P018,apparel,2026-01-24,121.87619042698223,91.45249025258535,151.34984585948592,10.99861000163192
P018,apparel,2026-01-25,122.20086093741516,93.56434883061128,151.3943144973734,10.99861000163192
P018,apparel,2026-01-26,126.44917839308434,97.47537543334458,154.38767338648137,10.99861000163192
P018,apparel,2026-01-27,123.64537672991658,95.31023513148128,152.7927212280091,10.99861000163192
P018,apparel,2026-01-28,124.4729591873593,96.23955997734174,154.43434293435845,10.99861000163192
P018,apparel,2026-01-29,121.67164352762491,93.82809798521032,149.85756386263725,10.99861000163192
P018,apparel,2026-01-30,120.07096935951955,89.80835283116191,150.13328979749784,10.99861000163192
P018,apparel,2026-01-31,122.03640183227954,91.7267389375533,151.58093317238328,10.99861000163192
P018,apparel,2026-02-01,121.7659639167771,92.69684378759737,152.16086809712547,10.99861000163192
P018,apparel,2026-02-02,125.35342855230216,97.32338449580071,154.2969065281894,10.99861000163192
P018,apparel,2026-02-03,121.83383899892392,95.33812029564088,151.60769433040872,10.99861000163192
P018,apparel,2026-02-04,121.92999336806513,95.53384563092439,151.15665003953072,10.99861000163192
P018,apparel,2026-02-05,118.40245631597301,88.42679278244184,148.295475724947,10.99861000163192
P018,apparel,2026-02-06,116.11738413670388,88.08556178513481,144.67494455673653,10.99861000163192
P018,apparel,2026-02-07,117.47474685097058,87.35360472186787,145.64884701460326,10.99861000163192
P018,apparel,2026-02-08,116.69736099984623,86.41245590193348,144.83289448463208,10.99861000163192
P018,apparel,2026-02-09,119.9164965929092,89.24233261342894,148.62792124376037,10.99861000163192
P018,apparel,2026-02-10,116.1826699987825,88.55968617008615,146.7643326047849,10.99861000163192
P018,apparel,2026-02-11,116.25635123157983,86.04043717134255,144.54702136325787,10.99861000163192
P018,apparel,2026-02-12,112.91088626887317,84.16983426367693,143.2155062526119,10.99861000163192
P018,apparel,2026-02-13,111.03457487786439,79.41821878209957,140.1231853801393,10.99861000163192
P018,apparel,2026-02-14,113.04123955621804,84.11668787553872,144.67616917179006,10.99861000163192
P018,apparel,2026-02-15,113.15207769198103,83.9269306643508,140.7494592017039,10.99861000163192
P018,apparel,2026-02-16,117.50428370954202,87.78874316447879,146.62764321982138,10.99861000163192
P018,apparel,2026-02-17,115.12788202019658,85.39990093740975,146.40307780413727,10.99861000163192
P018,apparel,2026-02-18,116.78157208763085,87.69007594360608,145.37473426993145,10.99861000163192
P018,apparel,2026-02-19,115.20959958781724,88.97356241382643,147.1570721492947,10.99861000163192
P018,apparel,2026-02-20,115.27922005039828,88.35643922891533,144.32451472977948,10.99861000163192
P018,apparel,2026-02-21,119.37481104083183,87.6371461508394,147.48350145470397,10.99861000163192
P018,apparel,2026-02-22,121.67376948908267,92.41348683441834,150.92469622799715,10.99861000163192
P018,apparel,2026-02-23,128.27936899630777,98.07589745832607,159.23916499789482,10.99861000163192
P018,apparel,2026-02-24,128.16481137601136,98.27256986375932,158.08265406013018,10.99861000163192
P018,apparel,2026-02-25,132.05531171191538,103.6261655330478,161.2606734791863,10.99861000163192
P018,apparel,2026-02-26,132.63991110927535,103.28602731639661,163.91818218124308,10.99861000163192
P018,apparel,2026-02-27,134.74517902361623,107.61628396927888,164.72439642306585,10.99861000163192
P018,apparel,2026-02-28,140.7135549169614,112.38152049338463,169.30989806150217,10.99861000163192
P018,apparel,2026-03-01,144.67378806556727,115.26962304589614,172.32885651836784,10.99861000163192
P019,apparel,2026-01-01,120.72039130748111,89.48046140498427,152.71738918793426,12.89050143404179
P019,apparel,2026-01-02,121.26169356642296,90.65568879455054,151.95880364705044,12.89050143404179
P019,apparel,2026-01-03,122.70667473694218,92.54912184910158,153.5449382195723,12.89050143404179
P019,apparel,2026-01-04,123.10187669273552,93.60210591111306,154.3182129355763,12.89050143404179
P019,apparel,2026-01-05,123.76211712236302,93.89838443345056,154.22124807836948,12.89050143404179
P019,apparel,2026-01-06,123.93962119738674,93.92381781684666,154.9855804228509,12.89050143404179
P019,apparel,2026-01-07,122.32498362901175,90.92764025222756,153.53940032005147,12.89050143404179
P019,apparel,2026-01-08,117.03590723205744,84.887319317553,146.4843537601615,12.89050143404179
P019,apparel,2026-01-09,117.80433120619092,88.32908339960082,149.12370569581074,12.89050143404179
P019,apparel,2026-01-10,119.56700539542568,87.91523222027092,148.07647507385755,12.89050143404179
P019,apparel,2026-01-11,120.36283386806018,90.4346132805264,152.37295615126934,12.89050143404179
P019,apparel,2026-01-12,121.49810331634336,91.15664373741832,151.92296674187463,12.89050143404179
P019,apparel,2026-01-13,122.21228653691189,90.26139229912651,153.86809115362436,12.89050143404179
P019,apparel,2026-01-14,121.18029657053233,90.90615867580318,152.79897862908794,12.89050143404179
P019,apparel,2026-01-15,116.50161643547331,83.00670904869074,148.53038844801338,12.89050143404179
P019,apparel,2026-01-16,117.89596274358102,85.88139824674192,148.51033222745852,12.89050143404179
P019,apparel,2026-01-17,120.27697732945242,89.07146017279821,151.55955899315697,12.89050143404179
P019,apparel,2026-01-18,121.66201206277354,91.21285900016485,150.78116410637494,12.89050143404179
P019,apparel,2026-01-19,123.33812380384926,93.23789913325022,153.57426127117495,12.89050143404179
P019,apparel,2026-01-20,124.52503293032514,94.23254430525913,156.31753712092512,12.89050143404179
P019,apparel,2026-01-21,123.87904509271328,90.90516427256225,155.92966195108582,12.89050143404179
P019,apparel,2026-01-22,119.48282510702569,89.12438966751922,150.01153668032651,12.89050143404179
P019,apparel,2026-01-23,121.04971516173646,93.02564604003649,152.7876759831439,12.89050143404179
P019,apparel,2026-01-24,123.48052220503722,91.9165253752236,155.2049800317738,12.89050143404179
P019,apparel,2026-01-25,124.78557871811626,93.16456731913327,156.41777641124216,12.89050143404179
P019,apparel,2026-01-26,126.25119699821443,94.89781162965525,158.27983450235206,12.89050143404179
P019,apparel,2026-01-27,127.0993397590098,96.70734399708897,158.1263902088334,12.89050143404179
P019,apparel,2026-01-28,125.9926413836883,95.65034586390084,156.31439985455268,12.89050143404179
P019,apparel,2026-01-29,121.02414743530917,91.9497761881049,154.1221246128927,12.89050143404179
P019,apparel,2026-01-30,121.9295169455701,90.51983575950196,153.07194943251164,12.89050143404179
P019,apparel,2026-01-31,123.62606475857105,93.98655129998247,153.17420490506404,12.89050143404179
P019,apparel,2026-02-01,124.14621145220825,93.32221402428233,155.6385303466392,12.89050143404179
P019,apparel,2026-02-02,124.80349030407804,93.16398920775326,156.88478578991362,12.89050143404179
P019,apparel,2026-02-03,124.84803079825676,96.10550443112126,157.1702380030411,12.89050143404179
P019,apparel,2026-02-04,122.9718153076999,92.8944208007352,153.18307719091868,12.89050143404179
P019,apparel,2026-02-05,117.29758235339689,87.44401139208895,147.90181746542865,12.89050143404179
P019,apparel,2026-02-06,117.59819905140905,87.37527264900996,150.79819127612663,12.89050143404179
P019,apparel,2026-02-07,118.8173560300399,89.61319492967073,149.1111013345362,12.89050143404179
P019,apparel,2026-02-08,119.01393635133361,87.59368638341343,148.5121785109594,12.89050143404179
P019,apparel,2026-02-09,119.52725437665751,87.77522852260292,149.006008873715,12.89050143404179
P019,apparel,2026-02-10,119.62819375421113,89.36773907365745,150.1331890600901,12.89050143404179
P019,apparel,2026-02-11,118.02471186774314,87.5855374687693,148.3403981824278,12.89050143404179
P019,apparel,2026-02-12,112.85009343769445,83.27779072755924,143.3637474163126,12.89050143404179
P019,apparel,2026-02-13,113.88985238136395,82.95026094729191,145.5196128173862,12.89050143404179
P019,apparel,2026-02-14,116.0846045051351,85.85669132164135,145.5356202880893,12.89050143404179
P019,apparel,2026-02-15,117.48603486199261,86.52954956067563,147.95045223368447,12.89050143404179
P019,apparel,2026-02-16,119.42218574761965,89.60870948349178,149.14591061763343,12.89050143404179
P019,apparel,2026-02-17,121.14518344211174,90.29997774394145,148.586204137492,12.89050143404179
P019,apparel,2026-02-18,121.33801722189712,87.13696976522785,153.29820908465484,12.89050143404179
P019,apparel,2026-02-19,118.10323500167311,87.0222653074952,148.595294470797,12.89050143404179
P019,apparel,2026-02-20,121.19850124581373,89.98539330051064,153.0761451966058,12.89050143404179
P019,apparel,2026-02-21,125.52277755075552,95.13089964978383,157.3854757833701,12.89050143404179
P019,apparel,2026-02-22,129.0849899619247,99.07534934358816,160.1058662370122,12.89050143404179
P019,apparel,2026-02-23,133.17040727844858,103.31852816212064,164.4456378436721,12.89050143404179
P019,apparel,2026-02-24,136.9859068666707,105.16981006815857,167.37153390002433,12.89050143404179
P019,apparel,2026-02-25,139.16885931243195,107.25720113328148,171.36514544874368,12.89050143404179
P019,apparel,2026-02-26,137.77695254023834,104.85352392245156,166.04934018044213,12.89050143404179
P019,apparel,2026-02-27,142.5329259197611,111.80207273260356,174.89530304243667,12.89050143404179
P019,apparel,2026-02-28,148.2943953512401,118.23212989139324,179.44033285159367,12.89050143404179
P019,apparel,2026-03-01,153.0353613476997,120.77091692234593,185.35079516329702,12.89050143404179
P020,apparel,2026-01-01,54.229639144057685,39.51537279252302,69.24935773194682,14.584171500811236
P020,apparel,2026-01-02,52.431019783826756,35.623367147061096,68.58427605074118,14.584171500811236
P020,apparel,2026-01-03,53.36813101397077,36.653735508115524,68.60370007180362,14.584171500811236
P020,apparel,2026-01-04,53.34928044268268,36.69170827861474,68.34261043424945,14.584171500811236
P020,apparel,2026-01-05,52.9302409306803,36.4827874675918,68.09963806038678,14.584171500811236
P020,apparel,2026-01-06,52.476435213621606,36.48836559008451,69.62192602954953,14.584171500811236
P020,apparel,2026-01-07,52.10318321554132,35.97911403710481,67.13221710643369,14.584171500811236
P020,apparel,2026-01-08,52.46264341409292,36.58771864391073,68.49522348706458,14.584171500811236
P020,apparel,2026-01-09,50.787514033203365,35.02429707431288,67.89190441314446,14.584171500811236
P020,apparel,2026-01-10,51.89415801898068,36.10253207369978,68.26498895730296,14.584171500811236
P020,apparel,2026-01-11,52.09585753377979,36.57571050205273,69.10471566618274,14.584171500811236
P020,apparel,2026-01-12,51.94332000503827,36.68946671966488,68.56536796018223,14.584171500811236
P020,apparel,2026-01-13,51.79539650194739,36.28494530985954,67.84605325684034,14.584171500811236
P020,apparel,2026-01-14,51.75957304781885,35.91307219511562,67.54888101771037,14.584171500811236
P020,apparel,2026-01-15,52.477602789158425,36.00471274779919,68.7134507286166,14.584171500811236
P020,apparel,2026-01-16,51.17703278961769,35.66101287800238,67.81534250940827,14.584171500811236
P020,apparel,2026-01-17,52.65358924586818,36.76671941645066,68.80493855544884,14.584171500811236
P020,apparel,2026-01-18,53.21556631784326,36.99960367013511,69.39819996578835,14.584171500811236
P020,apparel,2026-01-19,53.40034659716896,37.190629592267435,68.33516290925151,14.584171500811236
P020,apparel,2026-01-20,53.55400570270557,37.00262051949982,69.89819024906336,14.584171500811236
P020,apparel,2026-01-21,53.77234015683014,37.3408155952598,69.88785798548442,14.584171500811236
P020,apparel,2026-01-22,54.68541207466285,39.09443479953346,70.97642262562314,14.584171500811236
P020,apparel,2026-01-23,53.51704359660393,37.22557539286149,68.95419694635329,14.584171500811236
P020,apparel,2026-01-24,55.04651829727671,39.01330992313569,70.87238595813027,14.584171500811236
P020,apparel,2026-01-25,55.58407047409301,39.578456915564914,71.1736546515342,14.584171500811236
P020,apparel,2026-01-26,55.663295391020554,39.304091700276544,71.69242268968343,14.584171500811236
P020,apparel,2026-01-27,55.629426623597986,38.61586803045835,72.18272927940886,14.584171500811236
P020,apparel,2026-01-28,55.580603000903956,40.10857935457291,72.22599798696962,14.584171500811236
P020,apparel,2026-01-29,56.150951826958185,39.86835745161901,72.56608165363066,14.584171500811236
P020,apparel,2026-01-30,54.57761055814611,38.89632997878761,72.50604985018927,14.584171500811236
P020,apparel,2026-01-31,55.64124995677967,40.224066472371824,71.26329434235133,14.584171500811236
P020,apparel,2026-02-01,55.67212960033579,38.676714581401086,73.18817091160595,14.584171500811236
P020,apparel,2026-02-02,55.217839639792295,38.089516224394636,71.37465962256384,14.584171500811236
P020,apparel,2026-02-03,54.63968541151851,39.403297699798145,70.09471499249103,14.584171500811236
P020,apparel,2026-02-04,54.05363807495421,37.871492736910554,69.13452743131518,14.584171500811236
P020,apparel,2026-02-05,54.11142845177584,37.884283668393216,70.91804190081771,14.584171500811236
P020,apparel,2026-02-06,52.074612311342015,35.714454534943414,68.116107078629,14.584171500811236
P020,apparel,2026-02-07,52.73349168847965,35.757182734108824,69.27405317577212,14.584171500811236
P020,apparel,2026-02-08,52.44338733153921,36.288353719175156,69.38204202843545,14.584171500811236
P020,apparel,2026-02-09,51.76744924189124,35.82889507820217,68.57248962016516,14.584171500811236
P020,apparel,2026-02-10,51.08098222711465,34.99565839229594,67.44895282744265,14.584171500811236
P020,apparel,2026-02-11,50.5120174521945,34.23427991113544,67.21136761944709,14.584171500811236
P020,apparel,2026-02-12,50.72046181732534,35.017142395634835,65.96135905619964,14.584171500811236
P020,apparel,2026-02-13,48.97936048973152,33.26514569566323,64.11681225501455,14.584171500811236
P020,apparel,2026-02-14,50.072476536863405,34.332977817915264,66.13037596249941,14.584171500811236
P020,apparel,2026-02-15,50.361141572923295,34.87049703695645,67.21593681896391,14.584171500811236
P020,apparel,2026-02-16,50.40258895954423,34.45058374648347,67.36103772846889,14.584171500811236
P020,apparel,2026-02-17,50.56275543714913,34.719273407537464,67.15176093944872,14.584171500811236
P020,apparel,2026-02-18,50.957076041789136,34.07300035916838,67.22379952422375,14.584171500811236
P020,apparel,2026-02-19,52.22834264424447,36.354508428814185,67.88400918243165,14.584171500811236
P020,apparel,2026-02-20,51.63585061990406,35.078152764475426,68.0520278352487,14.584171500811236
P020,apparel,2026-02-21,53.932337801670975,38.634663755783585,70.48450840091174,14.584171500811236
P020,apparel,2026-02-22,55.46210857472893,38.75458738617351,72.22857334642231,14.584171500811236
P020,apparel,2026-02-23,56.75555922761477,41.79144150091352,73.38673025495739,14.584171500811236
P020,apparel,2026-02-24,58.151079826193055,43.15747539792384,73.64059211447608,14.584171500811236
P020,apparel,2026-02-25,59.73663278866779,43.808606937261324,76.18647747034974,14.584171500811236
P020,apparel,2026-02-26,62.12680002623776,45.442955468641436,79.7299369695694,14.584171500811236
P020,apparel,2026-02-27,62.56019743711848,46.15429751608962,78.67285950002872,14.584171500811236
P020,apparel,2026-02-28,65.75604874162981,48.988736394784794,81.39138479956955,14.584171500811236
P020,apparel,2026-03-01,68.04374101400639,52.00143423819732,85.07565033242624,14.584171500811236
P021,electronics,2026-01-01,154.60165011147592,128.27230493488372,180.1854197961945,15.822772268650205
P021,electronics,2026-01-02,152.4340482121419,126.57975983362347,176.0259129727104,15.822772268650205
P021,electronics,2026-01-03,144.13225030842253,119.0951853133642,167.7327649983742,15.822772268650205
P021,electronics,2026-01-04,139.13331855309437,114.35372218539908,164.0421057424932,15.822772268650205
P021,electronics,2026-01-05,134.84674140632808,109.1810721287636,157.71485068662682,15.822772268650205
P021,electronics,2026-01-06,129.63778790639904,106.88204578825382,155.6630351465147,15.822772268650205
P021,electronics,2026-01-07,126.97148842238232,102.14806673126833,150.4260511771024,15.822772268650205
P021,electronics,2026-01-08,122.28300540796336,97.34933499346265,148.2404870503986,15.822772268650205
P021,electronics,2026-01-09,121.62033832685191,97.3844380301248,145.46444943799304,15.822772268650205
P021,electronics,2026-01-10,115.16516711862239,90.60601057243599,139.74138655785518,15.822772268650205
P021,electronics,2026-01-11,112.32698796170142,86.37741863261871,136.68162967957247,15.822772268650205
P021,electronics,2026-01-12,110.46044918609104,87.15488112274383,137.5658760969119,15.822772268650205
P021,electronics,2026-01-13,107.87296137463278,83.73271353701921,130.97598069044793,15.822772268650205
P021,electronics,2026-01-14,107.9773966455119,83.65654501743114,132.38120026525735,15.822772268650205
P021,electronics,2026-01-15,106.14074648037074,81.39169912646416,130.34500169413906,15.822772268650205
P021,electronics,2026-01-16,108.36122962334285,85.50679697472066,133.5332815255206,15.822772268650205
P021,electronics,2026-01-17,104.74388557369693,80.71044551300602,127.72783783129425,15.822772268650205
P021,electronics,2026-01-18,104.65805818320129,79.5731299545974,130.97541191169955,15.822772268650205
P021,electronics,2026-01-19,105.40087632131038,79.77475860678076,130.9577137573352,15.822772268650205
P021,electronics,2026-01-20,105.2290328342682,80.14170388022028,129.78725404798456,15.822772268650205
P021,electronics,2026-01-21,107.51986260162107,82.37644578918092,131.72828053153063,15.822772268650205
P021,electronics,2026-01-22,107.59770667781929,81.73452453552001,132.448616546175,15.822772268650205
P021,electronics,2026-01-23,111.4446194878936,85.84051727122146,138.149168082726,15.822772268650205
P021,electronics,2026-01-24,109.12970961093113,84.25152236642177,133.41145620580565,15.822772268650205
P021,electronics,2026-01-25,110.0287983495107,86.13985368207568,134.04884663039817,15.822772268650205
P021,electronics,2026-01-26,111.43273533779764,87.32323390274941,137.58077644559054,15.822772268650205
P021,electronics,2026-01-27,111.60193609466053,86.61261723567304,135.02583947470458,15.822772268650205
P021,electronics,2026-01-28,113.9343669207594,89.87103875104627,139.90922563344265,15.822772268650205
P021,electronics,2026-01-29,113.76812175672033,91.44908537373162,138.2050182434585,15.822772268650205
P021,electronics,2026-01-30,117.12425354502462,92.5197756624674,141.30664035701142,15.822772268650205
P021,electronics,2026-01-31,114.08844480232192,88.21249665968564,139.87839886234906,15.822772268650205
P021,electronics,2026-02-01,114.09151842813789,89.05837757060696,138.13615410847575,15.822772268650205
P021,electronics,2026-02-02,114.46139442115962,91.09237410628072,139.12299716540298,15.822772268650205
P021,electronics,2026-02-03,113.49935130943611,88.86535846724006,138.35069445162947,15.822772268650205
P021,electronics,2026-02-04,114.6540678162289,90.1426866298312,139.83628944659105,15.822772268650205
P021,electronics,2026-02-05,113.29976719863438,88.09882028927962,138.8269515749615,15.822772268650205
P021,electronics,2026-02-06,115.51074673441494,92.30769732828249,140.54297590645464,15.822772268650205
P021,electronics,2026-02-07,111.39517943960138,86.53444701110907,135.54185688785444,15.822772268650205
P021,electronics,2026-02-08,110.43650776029969,84.88798216580192,135.3052403629952,15.822772268650205
P021,electronics,2026-02-09,109.9892969289619,85.02116085930606,134.9591674898834,15.822772268650205
P021,electronics,2026-02-10,108.37769019469371,83.56591789382499,132.25462001346432,15.822772268650205
P021,electronics,2026-02-11,109.07617534380047,84.08285028816296,135.15499970649185,15.822772268650205
P021,electronics,2026-02-12,107.46414131908766,83.33403310068003,133.1900748336268,15.822772268650205
P021,electronics,2026-02-13,109.6331013374228,83.89918926031447,133.59401602893664,15.822772268650205
P021,electronics,2026-02-14,105.6737421664657,80.34965905082258,132.21669964937055,15.822772268650205
P021,electronics,2026-02-15,105.0794053086904,81.66631526340153,131.4050369580399,15.822772268650205
P021,electronics,2026-02-16,105.18709511508209,79.97181722441586,129.82518895639947,15.822772268650205
P021,electronics,2026-02-17,104.29940376970488,78.87421148175622,128.01262924839386,15.822772268650205
P021,electronics,2026-02-18,105.87326079941319,81.8396225976899,131.6279263661676,15.822772268650205
P021,electronics,2026-02-19,105.25210764264537,77.64191003791971,131.3964874982362,15.822772268650205
P021,electronics,2026-02-20,108.50693491372647,81.95984755433436,132.70287889388808,15.822772268650205
P021,electronics,2026-02-21,105.67758476092295,80.22226455816222,130.5792155833876,15.822772268650205
P021,electronics,2026-02-22,106.23918387157484,82.26669417175177,131.5290265368872,15.822772268650205
P021,electronics,2026-02-23,107.4890076048461,83.0060319515842,131.97696268804359,15.822772268650205
P021,electronics,2026-02-24,107.69239593058423,82.80688349160263,133.01731916369204,15.822772268650205
P021,electronics,2026-02-25,110.27981536346596,85.26566882042061,134.23048445715312,15.822772268650205
P021,electronics,2026-02-26,110.55678299646945,86.0564757600582,138.1205741161219,15.822772268650205
P021,electronics,2026-02-27,114.57865099709136,88.9178380812333,139.13301516602843,15.822772268650205
P021,electronics,2026-02-28,112.3459017761394,87.15647675770563,137.63627054154801,15.822772268650205
P021,electronics,2026-03-01,113.33308962510623,87.30174113398594,138.02977693498602,15.822772268650205
P022,electronics,2026-01-01,111.72853079820105,94.42063142126246,129.66715295869952,15.046524941284128
P022,electronics,2026-01-02,107.93281605099344,90.26197308226614,125.77463621369625,15.046524941284128
P022,electronics,2026-01-03,107.26038020045887,89.16194729585395,125.19249372247471,15.046524941284128
P022,electronics,2026-01-04,104.07614431382736,86.40497427215524,121.93841981934035,15.046524941284128
P022,electronics,2026-01-05,98.20720253052328,81.40791938335944,115.36640639424061,15.046524941284128
P022,electronics,2026-01-06,97.33611143523383,80.01842975536243,113.63489022673556,15.046524941284128
P022,electronics,2026-01-07,96.23860729088145,78.18375841748366,115.68623845921205,15.046524941284128
P022,electronics,2026-01-08,90.22598271252447,72.68639663494608,107.09801895810384,15.046524941284128
P022,electronics,2026-01-09,87.43843853732174,68.60549997999657,106.11282006088878,15.046524941284128
P022,electronics,2026-01-10,87.98825068780718,71.26056137115732,106.11415191102164,15.046524941284128
P022,electronics,2026-01-11,86.20308001126058,68.36147521539898,104.20592321319116,15.046524941284128
P022,electronics,2026-01-12,81.87910376130107,64.43472745781996,100.32694334511763,15.046524941284128
P022,electronics,2026-01-13,82.67923133863006,63.45874771216783,99.97596082407013,15.046524941284128
P022,electronics,2026-01-14,83.3356411191496,65.26463546399994,99.74145989650118,15.046524941284128
P022,electronics,2026-01-15,79.11633192159076,60.3840049693917,96.98702879492026,15.046524941284128
P022,electronics,2026-01-16,78.14062131981521,59.7812884754483,97.06440153578819,15.046524941284128
P022,electronics,2026-01-17,80.4869765811251,62.358446900172666,97.28193032920072,15.046524941284128
P022,electronics,2026-01-18,80.44100347833525,62.80546817066562,97.22913911912946,15.046524941284128
P022,electronics,2026-01-19,77.76878646504832,59.2843216811484,96.18630371259133,15.046524941284128
P022,electronics,2026-01-20,80.11987455221839,62.227370788455055,96.8128416842183,15.046524941284128
P022,electronics,2026-01-21,82.19434371339527,64.26658895602971,100.16552544886889,15.046524941284128
P022,electronics,2026-01-22,79.23310170806072,61.294849011881475,97.26270220779999,15.046524941284128
P022,electronics,2026-01-23,79.3549976109534,62.35989273970792,96.91683839160203,15.046524941284128
P022,electronics,2026-01-24,82.62868429290249,64.63906476737664,100.86501045920153,15.046524941284128
P022,electronics,2026-01-25,83.32457519863654,65.88289152023837,100.40300774875918,15.046524941284128
P022,electronics,2026-01-26,81.2076243696609,62.914020633459664,98.87729471166328,15.046524941284128
P022,electronics,2026-01-27,83.944277612176,66.03164512270892,102.33995918678524,15.046524941284128
P022,electronics,2026-01-28,86.23324206442054,67.96106646376005,104.49196998732306,15.046524941284128
P022,electronics,2026-01-29,83.31873477514503,66.73264876023916,99.70428188696907,15.046524941284128
P022,electronics,2026-01-30,83.34842438881053,65.04890905269139,101.07945721611675,15.046524941284128
P022,electronics,2026-01-31,86.40859711882673,68.91558869615353,104.50170615446085,15.046524941284128
P022,electronics,2026-02-01,86.77942312484909,68.47174109549242,105.35372264638706,15.046524941284128
P022,electronics,2026-02-02,84.246604081789,66.65673064056226,103.0557036009511,15.046524941284128
P022,electronics,2026-02-03,86.51181707583058,69.22490522521248,105.05441525714029,15.046524941284128
P022,electronics,2026-02-04,88.28682913660107,70.53033398565101,104.17382757175834,15.046524941284128
P022,electronics,2026-02-05,84.82944507704124,67.41076785447281,102.7349631200772,15.046524941284128
P022,electronics,2026-02-06,84.32215844220018,66.34846673458358,103.30352435590086,15.046524941284128
P022,electronics,2026-02-07,86.87062009373878,67.98595648437674,104.14037571896101,15.046524941284128
P022,electronics,2026-02-08,86.7623322870989,68.89075606943899,103.72336555539255,15.046524941284128
P022,electronics,2026-02-09,83.79739454817003,66.30948975565774,102.48457360799134,15.046524941284128
P022,electronics,2026-02-10,85.70277434650073,68.17224631614339,102.52021971057216,15.046524941284128
P022,electronics,2026-02-11,87.19019182422528,70.89632221026731,106.11546191539502,15.046524941284128
P022,electronics,2026-02-12,83.51526887163917,67.17879196873321,101.4003623277955,15.046524941284128
P022,electronics,2026-02-13,82.87745173493822,63.765015684850646,100.90281770981574,15.046524941284128
P022,electronics,2026-02-14,85.38238732919241,67.41850587304499,102.32178314962367,15.046524941284128
P022,electronics,2026-02-15,85.30467431100345,68.11254806219883,102.33765080245418,15.046524941284128
P022,electronics,2026-02-16,82.4383418997961,63.53045262555698,99.17827608122569,15.046524941284128
P022,electronics,2026-02-17,84.51556872434261,66.93059747778743,101.41112880950298,15.046524941284128
P022,electronics,2026-02-18,86.22892811161543,68.56152892182719,103.49137298936762,15.046524941284128
P022,electronics,2026-02-19,82.81428122662959,65.63135825214326,99.81241682657037,15.046524941284128
P022,electronics,2026-02-20,82.47245187994068,65.63458242762873,100.00887476598737,15.046524941284128
P022,electronics,2026-02-21,85.295916214765,68.98493699231491,102.87884828642132,15.046524941284128
P022,electronics,2026-02-22,85.53593139449087,67.972855101163,103.2131918991932,15.046524941284128
P022,electronics,2026-02-23,82.97297555711768,65.13511122570435,99.65348003882627,15.046524941284128
P022,electronics,2026-02-24,85.34004608407108,66.81009188092249,104.04535087675923,15.046524941284128
P022,electronics,2026-02-25,87.30929822439472,69.89594205946192,105.97384499280932,15.046524941284128
P022,electronics,2026-02-26,84.09861803291086,66.16614323527345,102.84676270770926,15.046524941284128
P022,electronics,2026-02-27,83.91489237318473,65.89265762968715,101.67485512980046,15.046524941284128
P022,electronics,2026-02-28,86.84476922889813,69.22840695414081,104.86986882286959,15.046524941284128
P022,electronics,2026-03-01,87.12584493833367,68.05289239509433,103.59059305171527,15.046524941284128
P023,staples,2026-01-01,45.36460483757123,32.012104900998104,57.20354985558233,14.83513659915346
P023,staples,2026-01-02,44.920763755499095,32.37069015528471,57.19761214864404,14.83513659915346
P023,staples,2026-01-03,44.692118343211185,32.71387461719383,56.849208283270926,14.83513659915346
P023,staples,2026-01-04,45.52331683327691,32.94998754149128,57.62255481075758,14.83513659915346
P023,staples,2026-01-05,46.28871526927465,33.79957029262963,57.87875268970081,14.83513659915346
P023,staples,2026-01-06,45.37101157269329,32.764362554951916,57.28445722781728,14.83513659915346
P023,staples,2026-01-07,45.3785964628621,33.973040306946885,57.87498170162881,14.83513659915346
P023,staples,2026-01-08,45.52812864730419,33.3398138379714,56.906172793528135,14.83513659915346
P023,staples,2026-01-09,45.09304330223207,33.09278583164111,57.266764365666816,14.83513659915346
P023,staples,2026-01-10,44.85616251786063,31.82285840293357,57.276641598163955,14.83513659915346
P023,staples,2026-01-11,45.66085024866704,33.557461783972286,58.82844361645684,14.83513659915346
P023,staples,2026-01-12,46.38431334438002,34.464317113047684,58.68954675481425,14.83513659915346
P023,staples,2026-01-13,45.413530898902806,32.56984345110053,58.022806050254644,14.83513659915346
P023,staples,2026-01-14,45.35400582539864,33.223073164446745,58.83160374079795,14.83513659915346
P023,staples,2026-01-15,45.42609402817563,33.0181697732041,57.55167339010277,14.83513659915346
P023,staples,2026-01-16,44.90719216506101,32.66742246998832,57.70244870636553,14.83513659915346
P023,staples,2026-01-17,44.58163060108471,31.882284016811756,56.87540115472639,14.83513659915346
P023,staples,2026-01-18,45.29436734636945,33.57523179897908,58.13413178635843,14.83513659915346
P023,staples,2026-01-19,45.92787621905876,33.583633696245585,59.348499599037105,14.83513659915346
P023,staples,2026-01-20,44.87530262136787,32.94076075324022,57.28536147605172,14.83513659915346
P023,staples,2026-01-21,44.74056231507277,31.089362694244482,56.87648493603213,14.83513659915346
P023,staples,2026-01-22,44.74838787433691,32.04407348842852,57.22049621414485,14.83513659915346
P023,staples,2026-01-23,44.18017666655143,31.817385605020323,56.4201323887953,14.83513659915346
P023,staples,2026-01-24,43.82116528052473,31.27835236586149,55.12768088292141,14.83513659915346
P023,staples,2026-01-25,44.516679343704766,31.021213669499897,57.824971261425695,14.83513659915346
P023,staples,2026-01-26,45.152643041389794,32.958636445559314,57.08672693402418,14.83513659915346
P023,staples,2026-01-27,44.12601181634618,31.854671756441412,56.26833781138381,14.83513659915346
P023,staples,2026-01-28,44.03628361826366,32.007487953567264,55.60786196362906,14.83513659915346
P023,staples,2026-01-29,44.109340804026424,31.11637856086886,56.846766868608135,14.83513659915346
P023,staples,2026-01-30,43.62704717807925,30.590375622597126,56.19244591620421,14.83513659915346
P023,staples,2026-01-31,43.37180092199839,30.127436866625352,54.732590564115704,14.83513659915346
P023,staples,2026-02-01,44.18544281475189,32.998991530535896,56.399611931083854,14.83513659915346
P023,staples,2026-02-02,44.95349231484584,32.92558434923567,57.896671456300794,14.83513659915346
P023,staples,2026-02-03,44.0729622116898,31.820011426888517,56.94754730484946,14.83513659915346
P023,staples,2026-02-04,44.135384368006164,32.139914402491506,56.06518841316277,14.83513659915346
P023,staples,2026-02-05,44.36454335353205,31.734418733835998,56.8109211324797,14.83513659915346
P023,staples,2026-02-06,44.039910553668435,31.506623274131094,56.672277106513924,14.83513659915346
P023,staples,2026-02-07,43.93865303395939,31.542606830043145,55.92095932539436,14.83513659915346
P023,staples,2026-02-08,44.89726502947069,32.941094986482085,58.05744073410867,14.83513659915346
P023,staples,2026-02-09,45.79958125222015,34.0624122507002,57.84112922165004,14.83513659915346
P023,staples,2026-02-10,45.04200871244763,32.72628116821291,57.69681726118732,14.83513659915346
P023,staples,2026-02-11,45.20808591266806,32.77825943078457,57.223990562407856,14.83513659915346
P023,staples,2026-02-12,45.52011053988708,32.17050441111782,57.14958031799647,14.83513659915346
P023,staples,2026-02-13,45.256396406620865,33.33998619155488,58.010850556482445,14.83513659915346
P023,staples,2026-02-14,45.1907079645453,32.394138709685954,56.92887317924506,14.83513659915346
P023,staples,2026-02-15,46.15656965837494,33.43316413236074,58.26167969233958,14.83513659915346
P023,staples,2026-02-16,47.03899725485771,34.080389573185364,59.314382864434215,14.83513659915346
P023,staples,2026-02-17,46.23707550006046,33.307817678007275,58.89805802272451,14.83513659915346
P023,staples,2026-02-18,46.329969268553974,34.344964231428115,58.842746496349534,14.83513659915346
P023,staples,2026-02-19,46.542355865689906,34.62876929610802,57.48456202666178,14.83513659915346
P023,staples,2026-02-20,46.15540979078914,34.15866879234977,58.53118193682724,14.83513659915346
P023,staples,2026-02-21,45.94356483219093,33.951922459470964,57.950478691100045,14.83513659915346
P023,staples,2026-02-22,46.74140270925029,34.12996983165644,59.56443220528056,14.83513659915346
P023,staples,2026-02-23,47.439005863843235,34.28981480349171,59.681555104351176,14.83513659915346
P023,staples,2026-02-24,46.441788847182124,33.78839271624095,59.2664191243718,14.83513659915346
P023,staples,2026-02-25,46.32787605210988,33.27783152614305,58.9414253796009,14.83513659915346
P023,staples,2026-02-26,46.3272620581097,35.02796367698953,59.024086128178574,14.83513659915346
P023,staples,2026-02-27,45.72645826108318,32.84050502368865,58.31327645034925,14.83513659915346
P023,staples,2026-02-28,45.30252870689426,32.50222086704059,57.090702617738614,14.83513659915346
P023,staples,2026-03-01,45.89251745150124,33.58199419185347,58.11851732513541,14.83513659915346
P024,apparel,2026-01-01,113.43982756429313,89.44682504706141,136.46149851125836,10.323702555951197
P024,apparel,2026-01-02,111.37286116625435,88.61314909871915,134.36693058313705,10.323702555951197
P024,apparel,2026-01-03,111.1051785875346,88.41716133078226,136.38426427806596,10.323702555951197
P024,apparel,2026-01-04,112.03833756067306,89.07777394301343,135.86537619724814,10.323702555951197
P024,apparel,2026-01-05,113.67923887445068,88.55888873750092,136.07015611207325,10.323702555951197
P024,apparel,2026-01-06,111.25162120772008,88.49728682807505,134.38380744413007,10.323702555951197
P024,apparel,2026-01-07,112.62959518904887,90.22003265695913,134.983760768105,10.323702555951197
P024,apparel,2026-01-08,114.01818692987507,91.54455571771648,136.55294196689226,10.323702555951197
P024,apparel,2026-01-09,111.71173470178078,89.78619370659943,135.59876378592085,10.323702555951197
P024,apparel,2026-01-10,111.2298916573257,86.53762485541817,136.35743436678385,10.323702555951197
P024,apparel,2026-01-11,111.98187135993759,88.77074399006258,134.5620680402379,10.323702555951197
P024,apparel,2026-01-12,113.48057469510572,89.55722281281142,134.68096868100255,10.323702555951197
P024,apparel,2026-01-13,110.94621127332071,86.30843781173274,134.04700169283066,10.323702555951197
P024,apparel,2026-01-14,112.26905650371636,90.36545121377553,135.06783036104326,10.323702555951197
P024,apparel,2026-01-15,113.64770337488613,90.88255870101425,137.35677490646694,10.323702555951197
P024,apparel,2026-01-16,111.36789730852988,88.24546477345166,134.27710344835066,10.323702555951197
P024,apparel,2026-01-17,110.95449508268281,87.87500111102247,134.56170277264997,10.323702555951197
P024,apparel,2026-01-18,111.80931308287587,87.83187838155686,134.32415779967667,10.323702555951197
P024,apparel,2026-01-19,113.43632744659782,91.68570954172736,137.1671124680384,10.323702555951197
P024,apparel,2026-01-20,111.03804236831388,87.54111249013064,132.45770700396343,10.323702555951197
P024,apparel,2026-01-21,112.50806412028922,90.41336960543471,135.13550237828682,10.323702555951197
P024,apparel,2026-01-22,114.0276072646173,90.93646668611099,136.62678985802614,10.323702555951197
P024,apparel,2026-01-23,111.86524632960908,90.2153670639112,134.54467479231235,10.323702555951197
P024,apparel,2026-01-24,111.54522447800629,90.20585835184757,134.17887363826387,10.323702555951197
P024,apparel,2026-01-25,112.45919816284056,88.92285359056095,135.11921393099095,10.323702555951197
P024,apparel,2026-01-26,114.10269288421824,90.12034801112678,136.85634089869777,10.323702555951197
P024,apparel,2026-01-27,111.66428173246558,89.3193405194427,135.06781198020897,10.323702555951197
P024,apparel,2026-01-28,113.0479168931122,89.19074006599836,135.69216753073505,10.323702555951197
P024,apparel,2026-01-29,114.42750840547393,91.49189209956047,137.67615816936544,10.323702555951197
P024,apparel,2026-01-30,112.06729288279018,88.76091193176504,134.6057456963843,10.323702555951197
P024,apparel,2026-01-31,111.50608281551374,89.55863257344238,132.6171698325622,10.323702555951197
P024,apparel,2026-02-01,112.14240154183118,89.05230011896977,133.47144219402443,10.323702555951197
P024,apparel,2026-02-02,113.48160731780169,91.64260631465791,137.20591983956598,10.323702555951197
P024,apparel,2026-02-03,110.71723229899794,89.7918813635651,134.40030911485758,10.323702555951197
P024,apparel,2026-02-04,111.78238029650393,89.75581794236895,134.31635051831125,10.323702555951197
P024,apparel,2026-02-05,112.86166818115947,89.859115872093,134.5427611655365,10.323702555951197
P024,apparel,2026-02-06,110.23150682582265,89.17632491212284,133.85750269020107,10.323702555951197
P024,apparel,2026-02-07,109.45961527070232,86.57080873675234,132.1275518491211,10.323702555951197
P024,apparel,2026-02-08,109.96292270776902,87.16509162356736,133.54811698110336,10.323702555951197
P024,apparel,2026-02-09,111.26481215098835,88.66431968191404,134.560270622582,10.323702555951197
P024,apparel,2026-02-10,108.56816581174031,86.48084474699967,130.94541485634508,10.323702555951197
P024,apparel,2026-02-11,109.8354871065492,87.64379843449385,133.22493887042862,10.323702555951197
P024,apparel,2026-02-12,111.25798883358524,88.71424634967235,133.43909243032257,10.323702555951197
P024,apparel,2026-02-13,109.11570687929745,86.18649924265054,132.3394146977203,10.323702555951197
P024,apparel,2026-02-14,108.9923423214659,86.28138950721049,130.46684848616582,10.323702555951197
P024,apparel,2026-02-15,110.30613772807605,88.44218741275712,133.6847350442381,10.323702555951197
P024,apparel,2026-02-16,112.57758909736712,91.73570329852467,135.9806069968373,10.323702555951197
P024,apparel,2026-02-17,110.99468028571467,90.36677581276767,134.00535901485927,10.323702555951197
P024,apparel,2026-02-18,113.52233416900009,91.57121122582274,135.50092704021455,10.323702555951197
P024,apparel,2026-02-19,116.32935892646728,94.64719749337678,139.97564591404802,10.323702555951197
P024,apparel,2026-02-20,115.66919283138478,94.52335257732136,140.5171980492239,10.323702555951197
P024,apparel,2026-02-21,117.11093705657406,94.4608092932732,139.65358779771813,10.323702555951197
P024,apparel,2026-02-22,120.04410851202876,97.90297502035149,142.54587513114154,10.323702555951197
P024,apparel,2026-02-23,123.95773504042566,102.77718106548049,147.50095231161495,10.323702555951197
P024,apparel,2026-02-24,123.99867902227766,100.1870791225312,145.46025610195878,10.323702555951197
P024,apparel,2026-02-25,128.11127524198727,104.36875926998184,151.53840657671205,10.323702555951197
P024,apparel,2026-02-26,132.42292329354757,108.06756443765792,154.38274429679106,10.323702555951197
P024,apparel,2026-02-27,133.14615655315606,110.68776381226667,154.20590866495908,10.323702555951197
P024,apparel,2026-02-28,135.82644086392617,111.95660791578155,158.49548012608324,10.323702555951197
P024,apparel,2026-03-01,139.82124127071617,113.95420157417729,162.02790327763685,10.323702555951197
P025,electronics,2026-01-01,73.35657657267883,58.52418553279995,88.8625267920279,22.694849313292963
P025,electronics,2026-01-02,71.23176573527797,56.90164324117318,86.1396455195999,22.694849313292963
P025,electronics,2026-01-03,69.44687385294877,54.145317160416205,85.34949476714466,22.694849313292963
P025,electronics,2026-01-04,66.18152014572053,50.54773891634641,81.37409715908584,22.694849313292963
P025,electronics,2026-01-05,64.76214454142644,49.159578958894585,80.45548113317834,22.694849313292963
P025,electronics,2026-01-06,61.579181194138684,45.77503601520251,77.08760684896345,22.694849313292963
P025,electronics,2026-01-07,59.44821508420912,44.47394930511921,73.65955520137507,22.694849313292963
P025,electronics,2026-01-08,57.63836978754028,42.907811948050394,73.1314573098699,22.694849313292963
P025,electronics,2026-01-09,56.44391614066175,42.901763477351274,72.21035222233401,22.694849313292963
P025,electronics,2026-01-10,55.73561214579216,41.73413557030099,70.712275099973,22.694849313292963
P025,electronics,2026-01-11,53.669258700507235,38.524432305234775,69.36438920616446,22.694849313292963
P025,electronics,2026-01-12,53.54471028750596,38.24700765694621,68.25059411850108,22.694849313292963
P025,electronics,2026-01-13,51.72538274345186,35.92007076238081,65.74792606800142,22.694849313292963
P025,electronics,2026-01-14,50.99825354237298,35.66987671773915,65.79798023343118,22.694849313292963
P025,electronics,2026-01-15,50.604316364943564,35.89983781069848,65.39129553489929,22.694849313292963
P025,electronics,2026-01-16,50.81023422739746,35.83430156331102,65.79990469482576,22.694849313292963
P025,electronics,2026-01-17,51.460522356053204,36.39084125795662,66.87046030685802,22.694849313292963
P025,electronics,2026-01-18,50.68687672890317,36.130334602568134,67.04300223790224,22.694849313292963
P025,electronics,2026-01-19,51.76676957622265,36.60450160646009,67.6591883820805,22.694849313292963
P025,electronics,2026-01-20,51.045080717831596,36.128792238274784,66.68459448213567,22.694849313292963
P025,electronics,2026-01-21,51.29262401513475,36.13472479025685,65.5689354404251,22.694849313292963
P025,electronics,2026-01-22,51.73825485353722,36.82217602783608,66.02931871418537,22.694849313292963
P025,electronics,2026-01-23,52.640070371213156,37.30246108911605,68.21093921340011,22.694849313292963
P025,electronics,2026-01-24,53.83786940070293,38.83558266379922,69.13343737281467,22.694849313292963
P025,electronics,2026-01-25,53.46263592295413,38.772537369123135,68.97738695601676,22.694849313292963
P025,electronics,2026-01-26,54.79406714428152,40.054629784719666,69.51643731301941,22.694849313292963
P025,electronics,2026-01-27,54.18366011239886,38.47976987754557,69.47938293218171,22.694849313292963
P025,electronics,2026-01-28,54.41109837305894,39.94381176608641,70.19658692569188,22.694849313292963
P025,electronics,2026-01-29,54.71736669964627,39.4386743264986,68.83266623916971,22.694849313292963
P025,electronics,2026-01-30,55.37489012525205,40.88763493753558,69.6530762102072,22.694849313292963
P025,electronics,2026-01-31,56.23971573586723,40.7572382065527,71.22552098438463,22.694849313292963
P025,electronics,2026-02-01,55.46066283901687,41.24680379126544,70.87388978691273,22.694849313292963
P025,electronics,2026-02-02,56.335374240816485,41.871792078119,70.91626680560131,22.694849313292963
P025,electronics,2026-02-03,55.23453696387772,39.59107277001849,70.44358764308473,22.694849313292963
P025,electronics,2026-02-04,54.95590286273805,39.96679081879069,69.54245079286439,22.694849313292963
P025,electronics,2026-02-05,54.758283229521474,39.60672485996633,70.36137753529712,22.694849313292963
P025,electronics,2026-02-06,54.93059922809068,38.502498627513496,69.24230592079434,22.694849313292963
P025,electronics,2026-02-07,55.343856374439845,40.024694906367586,70.65555008760343,22.694849313292963
P025,electronics,2026-02-08,54.16012603281428,39.29126662892023,69.37823207102805,22.694849313292963
P025,electronics,2026-02-09,54.687371273598565,39.52650738163686,68.60848848441178,22.694849313292963
P025,electronics,2026-02-10,53.30513052908055,38.40775485817823,68.87709176668115,22.694849313292963
P025,electronics,2026-02-11,52.816567152445096,37.757046368765145,67.22949463067626,22.694849313292963
P025,electronics,2026-02-12,52.48379209285619,38.5412296895679,67.61642952794124,22.694849313292963
P025,electronics,2026-02-13,52.59631296178256,38.08051410533173,67.74882535397799,22.694849313292963
P025,electronics,2026-02-14,53.023312494286884,37.5876714239643,67.51484490022258,22.694849313292963
P025,electronics,2026-02-15,51.922981402036946,36.90630063004639,68.08378522676419,22.694849313292963
P025,electronics,2026-02-16,52.5966323434797,37.8474047452902,67.50064492392157,22.694849313292963
P025,electronics,2026-02-17,51.41633885080997,37.15368194075291,66.67464077008006,22.694849313292963
P025,electronics,2026-02-18,51.17547121680405,35.60118977157141,66.74390153225497,22.694849313292963
P025,electronics,2026-02-19,51.125757254581764,36.61417382903359,65.83261393688824,22.694849313292963
P025,electronics,2026-02-20,51.54548188921446,37.04807562886715,66.21925892269813,22.694849313292963
P025,electronics,2026-02-21,52.292354567019515,37.472197123946614,67.84752887785157,22.694849313292963
P025,electronics,2026-02-22,51.513404871046276,36.66391605865252,66.71266912729628,22.694849313292963
P025,electronics,2026-02-23,52.498518134194924,37.719353493647226,67.06193233702025,22.694849313292963
P025,electronics,2026-02-24,51.61008338264375,36.50147998259686,66.12120259780885,22.694849313292963
P025,electronics,2026-02-25,51.631990013073846,36.37572040756809,66.2156318819253,22.694849313292963
P025,electronics,2026-02-26,51.80832467071454,37.498801804546,67.16889646733073,22.694849313292963
P025,electronics,2026-02-27,52.41114804552792,36.09192652444346,66.97197937252095,22.694849313292963
P025,electronics,2026-02-28,53.2937136555366,37.829327616424216,68.70709319055553,22.694849313292963
P025,electronics,2026-03-01,52.60063327472386,38.2830594678885,67.39240055745472,22.694849313292963
P026,apparel,2026-01-01,51.939147553227414,36.22989666492756,67.32896058111749,12.76118356546471
P026,apparel,2026-01-02,51.91885839455364,36.236166706543045,67.07590011152944,12.76118356546471
P026,apparel,2026-01-03,53.077550694994784,38.01822103667516,68.30741946278484,12.76118356546471
P026,apparel,2026-01-04,53.34404839911058,37.638166329999024,69.67989345515963,12.76118356546471
P026,apparel,2026-01-05,54.20043203362318,37.669802450973265,69.29555679024926,12.76118356546471
P026,apparel,2026-01-06,53.57108041304689,38.6411051377102,69.51579623361025,12.76118356546471
P026,apparel,2026-01-07,53.36398636923117,39.06423431277441,69.1159620012176,12.76118356546471
P026,apparel,2026-01-08,52.54869341839196,36.70277665438437,67.1030483434825,12.76118356546471
P026,apparel,2026-01-09,52.709600687120385,37.09293631336858,68.79703120542173,12.76118356546471
P026,apparel,2026-01-10,54.05211886384989,39.23691350202166,70.7398187886367,12.76118356546471
P026,apparel,2026-01-11,54.503709116729155,37.75721528541619,69.32903018194709,12.76118356546471
P026,apparel,2026-01-12,55.540095849479776,39.40860896288137,70.70789644255977,12.76118356546471
P026,apparel,2026-01-13,55.083315037233824,40.00097544357825,70.97938944344115,12.76118356546471
P026,apparel,2026-01-14,55.033676963083934,40.10046742471607,70.72281325168065,12.76118356546471
P026,apparel,2026-01-15,54.35652608053111,38.607325729532874,71.49521006091611,12.76118356546471
P026,apparel,2026-01-16,54.62873150140044,37.246452436655126,70.48141523048368,12.76118356546471
P026,apparel,2026-01-17,56.050031086157055,40.12050421394428,72.95752659312184,12.76118356546471
P026,apparel,2026-01-18,56.54538785522034,40.72127386877441,71.66696205857208,12.76118356546471
P026,apparel,2026-01-19,57.58407718703217,41.92039778758115,73.36928702868866,12.76118356546471
P026,apparel,2026-01-20,57.08685091521184,41.14322885105401,72.43852496446466,12.76118356546471
P026,apparel,2026-01-21,56.948623578021866,42.45629186148319,72.7179001862887,12.76118356546471
P026,apparel,2026-01-22,56.134094772029925,40.473779321294124,72.0749385090276,12.76118356546471
P026,apparel,2026-01-23,56.21742379611374,40.49455511528911,71.96396331225155,12.76118356546471
P026,apparel,2026-01-24,57.39871752658054,41.75536165742717,73.82680251696162,12.76118356546471
P026,apparel,2026-01-25,57.60761613235787,41.38443203487964,74.02223545615541,12.76118356546471
P026,apparel,2026-01-26,58.31512323441921,42.27235510908256,72.70212427293896,12.76118356546471
P026,apparel,2026-01-27,57.44971299575423,42.824532079624824,71.9780738355229,12.76118356546471
P026,apparel,2026-01-28,56.910529271283345,41.53194680639479,72.6955157425638,12.76118356546471
P026,apparel,2026-01-29,55.67162681429487,39.73867407232255,70.84722022800196,12.76118356546471
P026,apparel,2026-01-30,55.31455949252955,39.84527180957676,71.31753017665018,12.76118356546471
P026,apparel,2026-01-31,56.04972160679754,40.48167731487182,71.57363904046856,12.76118356546471
P026,apparel,2026-02-01,55.82086091377514,40.71086347286905,71.9572820997047,12.76118356546471
P026,apparel,2026-02-02,56.10934688452039,40.410476124200095,71.32623253371654,12.76118356546471
P026,apparel,2026-02-03,54.858922279937154,40.12088050407537,70.45598523007604,12.76118356546471
P026,apparel,2026-02-04,53.97913242725091,39.032165025725966,70.57715452982802,12.76118356546471
P026,apparel,2026-02-05,52.45792748848041,38.11167843905164,67.60467870438734,12.76118356546471
P026,apparel,2026-02-06,51.88694027298112,37.04963796326095,69.0210460479262,12.76118356546471
P026,apparel,2026-02-07,52.487498969507776,37.17966783019903,69.57563791768497,12.76118356546471
P026,apparel,2026-02-08,52.215934552498396,36.385793703037194,68.37355016226049,12.76118356546471
P026,apparel,2026-02-09,52.56020926595043,36.29310195304111,68.8233241690927,12.76118356546471
P026,apparel,2026-02-10,51.47329437484286,35.84926228243063,67.31396840579332,12.76118356546471
P026,apparel,2026-02-11,50.86687372990133,34.72131053708724,67.16823024839942,12.76118356546471
P026,apparel,2026-02-12,49.73241489892003,33.94463929369306,65.45996010841814,12.76118356546471
P026,apparel,2026-02-13,49.659307361440156,33.139621747464844,64.59141809991577,12.76118356546471
P026,apparel,2026-02-14,50.865777918085065,34.94042452062495,67.58980619440025,12.76118356546471
P026,apparel,2026-02-15,51.30527988703444,36.80592060202474,66.09833042384027,12.76118356546471
P026,apparel,2026-02-16,52.455819277884885,36.37062262448308,67.4540190057216,12.76118356546471
P026,apparel,2026-02-17,52.262338539248915,37.265343006426086,67.76851200147678,12.76118356546471
P026,apparel,2026-02-18,52.621107450401546,37.572104830693796,68.63148667566223,12.76118356546471
P026,apparel,2026-02-19,52.50969902946725,36.41880730031045,67.80601552922757,12.76118356546471
P026,apparel,2026-02-20,53.49843561930163,37.268457541035964,69.49904979350224,12.76118356546471
P026,apparel,2026-02-21,55.78665416270258,39.65461456134151,69.97582690108358,12.76118356546471
P026,apparel,2026-02-22,57.31061183214324,41.90742304759599,72.89934364481125,12.76118356546471
P026,apparel,2026-02-23,59.525919799012755,43.806644212181446,75.89517163247791,12.76118356546471
P026,apparel,2026-02-24,60.359306332636905,44.79295867747331,75.28088095013766,12.76118356546471
P026,apparel,2026-02-25,61.68402073497253,46.335894462637114,77.69531074428244,12.76118356546471
P026,apparel,2026-02-26,62.45898206567712,46.71765637956447,77.60754667044147,12.76118356546471
P026,apparel,2026-02-27,64.23373480328391,48.46127770832729,79.20666912440615,12.76118356546471
P026,apparel,2026-02-28,67.19019226274995,52.083586770512234,82.39890439975922,12.76118356546471
P026,apparel,2026-03-01,69.25210833468181,54.188419128420634,85.65466166520304,12.76118356546471
P027,staples,2026-01-01,93.78061224937905,74.57875329457428,111.69828000297763,11.395508760747697
P027,staples,2026-01-02,95.09777464871001,76.67040564712775,114.28223088368841,11.395508760747697
P027,staples,2026-01-03,93.5278945483359,73.44378346061535,111.9892783726095,11.395508760747697
P027,staples,2026-01-04,94.80576458726884,76.30559288340652,112.2112522677304,11.395508760747697
P027,staples,2026-01-05,94.78462200448978,75.8520308733399,113.99105514627468,11.395508760747697
P027,staples,2026-01-06,93.17565219537384,73.48439270467566,112.94134257243381,11.395508760747697
P027,staples,2026-01-07,92.33958934781023,72.18923209287216,111.53947353014325,11.395508760747697
P027,staples,2026-01-08,94.66788810177401,75.67046219955529,113.20347408901895,11.395508760747697
P027,staples,2026-01-09,95.98293236628469,77.17244878975737,115.13234657761032,11.395508760747697
P027,staples,2026-01-10,94.38526479933796,75.22529834115308,113.94955919859028,11.395508760747697
P027,staples,2026-01-11,95.61919561656809,77.54598435328823,115.09128135600983,11.395508760747697
P027,staples,2026-01-12,95.52968409517581,76.65807992400653,114.34944840679718,11.395508760747697
P027,staples,2026-01-13,93.82744575554527,75.70548044454517,112.3030065751409,11.395508760747697
P027,staples,2026-01-14,92.87831593652525,75.06873416195081,111.28282025892918,11.395508760747697
P027,staples,2026-01-15,95.07954859249818,75.51084411925382,114.49385398584552,11.395508760747697
P027,staples,2026-01-16,96.24774594907645,77.19149119681462,115.35100524913443,11.395508760747697
P027,staples,2026-01-17,94.4824965730394,75.0256817127257,113.32213110934813,11.395508760747697
P027,staples,2026-01-18,95.54188463848183,76.71610535051786,115.14689501138258,11.395508760747697
P027,staples,2026-01-19,95.26671785981912,76.65936153932462,113.94775402223658,11.395508760747697
P027,staples,2026-01-20,93.37111512454231,73.03945504233178,112.43140754708216,11.395508760747697
P027,staples,2026-01-21,92.22951529323362,72.73080538463809,111.68400222248829,11.395508760747697
P027,staples,2026-01-22,94.24799445433882,73.74704607468695,112.96371351453313,11.395508760747697
P027,staples,2026-01-23,95.2398201111176,76.19530231148315,113.90108771989148,11.395508760747697
P027,staples,2026-01-24,93.30541690389897,74.41280665834951,112.45758075955561,11.395508760747697
P027,staples,2026-01-25,94.21771333060921,76.5377718014379,112.89513821380581,11.395508760747697
P027,staples,2026-01-26,93.81367309139887,75.380047705247,111.83091582300275,11.395508760747697
P027,staples,2026-01-27,91.81034161337523,73.04111785153395,110.15326799706891,11.395508760747697
P027,staples,2026-01-28,90.58950082024919,70.83699383693772,108.22909403583813,11.395508760747697
P027,staples,2026-01-29,92.56402808323351,73.39085501985872,111.68289987707348,11.395508760747697
P027,staples,2026-01-30,93.54112019465654,74.59872387032594,111.87953361944626,11.395508760747697
P027,staples,2026-01-31,91.61865288269207,72.66364471312055,109.90242226215115,11.395508760747697
P027,staples,2026-02-01,92.58045025267951,73.91338332333535,110.93708880077199,11.395508760747697
P027,staples,2026-02-02,92.25522160133552,73.04853604744672,110.34067193756333,11.395508760747697
P027,staples,2026-02-03,90.35818283760497,72.75017940191502,109.69411080331042,11.395508760747697
P027,staples,2026-02-04,89.27348389922756,71.05287616273698,107.87608115502603,11.395508760747697
P027,staples,2026-02-05,91.41574314446395,71.65734783308542,108.89448997017152,11.395508760747697
P027,staples,2026-02-06,92.58107809222423,73.25513479753776,111.37552329739583,11.395508760747697
P027,staples,2026-02-07,90.85999499832697,70.88520306969953,108.31924358662764,11.395508760747697
P027,staples,2026-02-08,92.04271263335268,73.78739564090063,112.57869143939766,11.395508760747697
P027,staples,2026-02-09,91.94562770695869,72.96324264477121,111.46756513279702,11.395508760747697
P027,staples,2026-02-10,90.27862226295375,71.8707183802642,108.33220103642057,11.395508760747697
P027,staples,2026-02-11,89.42535951362001,71.92847124794815,108.58209055403513,11.395508760747697
P027,staples,2026-02-12,91.8000713306604,73.98807919990139,109.1437100428074,11.395508760747697
P027,staples,2026-02-13,93.18645301724032,75.24242639808088,111.98922877719707,11.395508760747697
P027,staples,2026-02-14,91.66711813153975,73.16126075430174,110.91515516401125,11.395508760747697
P027,staples,2026-02-15,93.03898866615228,74.0392643648604,111.91370176450837,11.395508760747697
P027,staples,2026-02-16,93.10727766375045,74.6469982111064,111.39511952007805,11.395508760747697
P027,staples,2026-02-17,91.57844801147785,72.27603776694207,110.52798318219037,11.395508760747697
P027,staples,2026-02-18,90.83831997143318,71.62011372638605,110.53073091686292,11.395508760747697
P027,staples,2026-02-19,93.30403456572171,74.99082668206148,111.66419070810797,11.395508760747697
P027,staples,2026-02-20,94.75071695977412,76.0322246213748,113.39093463792047,11.395508760747697
P027,staples,2026-02-21,93.25738570317365,74.22140213368917,111.58204051530545,11.395508760747697
P027,staples,2026-02-22,94.63228633314421,75.11554569813707,114.51424952743908,11.395508760747697
P027,staples,2026-02-23,94.67425967688445,77.36350503182923,112.35772961538927,11.395508760747697
P027,staples,2026-02-24,93.09121588481081,74.71093218383326,112.25943598974293,11.395508760747697
P027,staples,2026-02-25,92.27591684765818,72.7044621197159,111.27671062689184,11.395508760747697
P027,staples,2026-02-26,94.65298204004114,75.42879784945991,113.07205029888837,11.395508760747697
P027,staples,2026-02-27,95.99319437087873,76.46262498740649,114.46202228065249,11.395508760747697
P027,staples,2026-02-28,94.37574868563935,75.35673226549895,112.4601735119786,11.395508760747697
P027,staples,2026-03-01,95.62342798883041,77.11412362447388,112.6547992426425,11.395508760747697
P028,staples,2026-01-01,48.39475818364,42.36538624851763,54.5690212423877,8.598575553770148
P028,staples,2026-01-02,47.14823484462985,41.46956268037261,53.49399606982911,8.598575553770148
P028,staples,2026-01-03,47.55570223177617,41.35751774937861,53.913382508213495,8.598575553770148
P028,staples,2026-01-04,47.33898857617967,40.94854854769195,53.61916825554095,8.598575553770148
P028,staples,2026-01-05,46.855868439098124,40.885187599208,52.82559216117216,8.598575553770148
P028,staples,2026-01-06,47.26485486605961,41.01955380049976,53.52010171532603,8.598575553770148
P028,staples,2026-01-07,46.397358384789236,40.45232340062773,53.331548169655306,8.598575553770148
P028,staples,2026-01-08,47.9240749000244,41.49551911553086,53.805901941774984,8.598575553770148
P028,staples,2026-01-09,46.70351860908981,40.71100441006114,53.21477971540221,8.598575553770148
P028,staples,2026-01-10,47.15806914664186,40.9625984108669,53.18539130992972,8.598575553770148
P028,staples,2026-01-11,46.999373789418115,40.35030081075942,53.36021016990432,8.598575553770148
P028,staples,2026-01-12,46.586450184373604,40.49961056516701,53.22748782845913,8.598575553770148
P028,staples,2026-01-13,47.08228932192997,41.01595355520564,53.96570524036017,8.598575553770148
P028,staples,2026-01-14,46.30770013970679,40.22993488765932,52.743411039225904,8.598575553770148
P028,staples,2026-01-15,47.94836014789919,41.777384993083906,54.33143047209316,8.598575553770148
P028,staples,2026-01-16,46.83840790975808,40.57215936941814,52.967088159956084,8.598575553770148
P028,staples,2026-01-17,47.41794656643296,41.2726481063008,53.78643298799573,8.598575553770148
P028,staples,2026-01-18,47.38637479911469,41.24173007884921,54.328924357765096,8.598575553770148
P028,staples,2026-01-19,47.101977135979574,40.98789056779216,53.79096427159477,8.598575553770148
P028,staples,2026-01-20,47.73039364432729,41.721870973116374,54.11147756656794,8.598575553770148
P028,staples,2026-01-21,47.080204902342366,40.60215571538471,53.02712369669504,8.598575553770148
P028,staples,2026-01-22,48.85069737317451,42.35801360611472,54.96819373730582,8.598575553770148
P028,staples,2026-01-23,47.850563133545315,41.715088429213736,54.255085955239444,8.598575553770148
P028,staples,2026-01-24,48.53690159951907,42.73675595385965,54.628710728496614,8.598575553770148
P028,staples,2026-01-25,48.59651378714487,42.68105863070014,54.93419869731172,8.598575553770148
P028,staples,2026-01-26,48.38700619802856,42.316364955696784,54.919656741880004,8.598575553770148
P028,staples,2026-01-27,49.07714362389522,42.75758288084801,54.94554898559366,8.598575553770148
P028,staples,2026-01-28,48.46418044337133,42.17589372015544,54.92630033273798,8.598575553770148
P028,staples,2026-01-29,50.26233570049504,43.607115221685845,56.01399186488593,8.598575553770148
P028,staples,2026-01-30,49.256583760924144,43.29938487844659,55.23146733458963,8.598575553770148
P028,staples,2026-01-31,49.92312667421804,43.9117736963398,56.477760718342424,8.598575553770148
P028,staples,2026-02-01,49.938613271603195,43.78507971703534,56.60134610606425,8.598575553770148
P028,staples,2026-02-02,49.66270793344386,43.09815849952064,55.85100086978253,8.598575553770148
P028,staples,2026-02-03,50.27026854037976,43.90728738092723,56.22505144588077,8.598575553770148
P028,staples,2026-02-04,49.55035811268562,43.455866426365795,55.72634368215512,8.598575553770148
P028,staples,2026-02-05,51.23535710514052,44.73613728471573,57.31087083561312,8.598575553770148
P028,staples,2026-02-06,50.08976773214704,43.69618573521139,56.98035953739169,8.598575553770148
P028,staples,2026-02-07,50.612076852451956,44.207298267862114,56.544836974903305,8.598575553770148
P028,staples,2026-02-08,50.47181898256702,43.89823602211591,56.66500685123321,8.598575553770148
P028,staples,2026-02-09,50.03353034331976,43.69071389214978,56.34945728312665,8.598575553770148
P028,staples,2026-02-10,50.48067582177863,44.34144460689474,57.060694985757586,8.598575553770148
P028,staples,2026-02-11,49.596270394267115,43.53085679960502,55.7262170597762,8.598575553770148
P028,staples,2026-02-12,51.13256567007309,44.7125377120246,57.45522977269405,8.598575553770148
P028,staples,2026-02-13,49.83481436841372,43.672553169837535,56.1685638677568,8.598575553770148
P028,staples,2026-02-14,50.22448130954435,44.130959574111984,56.415188001597315,8.598575553770148
P028,staples,2026-02-15,49.96412041989805,44.13566200736208,55.74690624717731,8.598575553770148
P028,staples,2026-02-16,49.42269771425908,43.04146413181501,55.372657297243,8.598575553770148
P028,staples,2026-02-17,49.79126525383454,43.49126052393918,55.83561210749553,8.598575553770148
P028,staples,2026-02-18,48.845205049427776,42.895433970821344,55.20425661265347,8.598575553770148
P028,staples,2026-02-19,50.35451725780325,44.56573002661781,56.32217475487296,8.598575553770148
P028,staples,2026-02-20,49.04258652579742,42.860230968634546,55.51746540031319,8.598575553770148
P028,staples,2026-02-21,49.45079632855412,42.939717496262034,55.491512241343685,8.598575553770148
P028,staples,2026-02-22,49.23128757053743,43.144900084054214,55.30836595114665,8.598575553770148
P028,staples,2026-02-23,48.75372895696281,42.76113471808604,55.280741348975006,8.598575553770148
P028,staples,2026-02-24,49.21282542000348,42.86320016637771,55.454202112298404,8.598575553770148
P028,staples,2026-02-25,48.37227888762305,41.92168780383598,54.79983449268772,8.598575553770148
P028,staples,2026-02-26,50.01577710498678,43.97415494555903,56.260764411193506,8.598575553770148
P028,staples,2026-02-27,48.84086291559906,41.93639924452369,55.25486293121333,8.598575553770148
P028,staples,2026-02-28,49.405052525985354,42.572526350071776,55.31713218590956,8.598575553770148
P028,staples,2026-03-01,49.34657317251552,42.86230950408851,55.245725194204454,8.598575553770148
P029,electronics,2026-01-01,57.81811532103758,50.53003106847793,65.97342128160675,11.444219770752111
P029,electronics,2026-01-02,57.01092398739489,49.901411154308185,64.39277983704343,11.444219770752111
P029,electronics,2026-01-03,55.6277598415104,48.21522139428373,63.05749150884298,11.444219770752111
P029,electronics,2026-01-04,55.153753429254756,47.838906316434326,62.68392539187333,11.444219770752111
P029,electronics,2026-01-05,52.74062739484675,44.0704651710741,60.00343182606281,11.444219770752111
P029,electronics,2026-01-06,52.952090603436055,45.30968149777535,60.37308352224336,11.444219770752111
P029,electronics,2026-01-07,51.038584394220166,43.93137370936084,58.23335664814062,11.444219770752111
P029,electronics,2026-01-08,49.245530686409396,41.45892017661622,56.13167891318312,11.444219770752111
P029,electronics,2026-01-09,48.97787550182941,41.28020432499566,56.573900456020645,11.444219770752111
P029,electronics,2026-01-10,48.21474555827215,41.19653654720629,56.007222391142676,11.444219770752111
P029,electronics,2026-01-11,48.43275101859669,41.016658729848515,55.624475447507464,11.444219770752111
P029,electronics,2026-01-12,46.75837768456415,39.10710342749305,54.277802284433434,11.444219770752111
P029,electronics,2026-01-13,47.75605199630812,40.83615085136218,55.28806159512251,11.444219770752111
P029,electronics,2026-01-14,46.64304052633506,39.44271868413698,53.84482673405805,11.444219770752111
P029,electronics,2026-01-15,45.65678419061301,38.465488513824916,53.66202910269134,11.444219770752111
P029,electronics,2026-01-16,46.191592398792324,38.371654123604614,53.184189617267435,11.444219770752111
P029,electronics,2026-01-17,46.20437275579217,38.65007632331093,53.96442652394053,11.444219770752111
P029,electronics,2026-01-18,47.163137896975606,39.977115399339866,54.8515358684606,11.444219770752111
P029,electronics,2026-01-19,46.1715029689569,38.5856187153519,53.08714395459846,11.444219770752111
P029,electronics,2026-01-20,47.79930689763769,40.80948191687603,55.55994144996447,11.444219770752111
P029,electronics,2026-01-21,47.23749530748635,39.331485320123704,54.14764923021907,11.444219770752111
P029,electronics,2026-01-22,46.72432126260912,39.45500376158127,54.028615258068676,11.444219770752111
P029,electronics,2026-01-23,47.653927347550656,39.914002711166106,55.51016125462596,11.444219770752111
P029,electronics,2026-01-24,47.97285029010335,41.00187006518695,55.576827773245846,11.444219770752111
P029,electronics,2026-01-25,49.1534066112089,41.68205871572227,55.664066731650635,11.444219770752111
P029,electronics,2026-01-26,48.28995198104045,40.44955429730103,56.342578725759594,11.444219770752111
P029,electronics,2026-01-27,49.97170643675516,42.8040053105252,57.638990739102695,11.444219770752111
P029,electronics,2026-01-28,49.377268774027655,41.92412113237375,56.862696004238735,11.444219770752111
P029,electronics,2026-01-29,48.75934129475022,41.487473361338644,56.20557297974509,11.444219770752111
P029,electronics,2026-01-30,49.524875342799376,42.46286760500105,56.753137051893255,11.444219770752111
P029,electronics,2026-01-31,49.62205236942828,42.31353454009492,56.84140049988924,11.444219770752111
P029,electronics,2026-02-01,50.53828299946372,42.94246996217512,57.85488225343566,11.444219770752111
P029,electronics,2026-02-02,49.3680019872196,42.05722264982326,56.852655943456085,11.444219770752111
P029,electronics,2026-02-03,50.7275150950445,42.86917114500109,58.039701263009796,11.444219770752111
P029,electronics,2026-02-04,49.78901023198144,42.566238470506335,57.38881108059782,11.444219770752111
P029,electronics,2026-02-05,48.82372126985726,41.41413193708937,56.57669208214058,11.444219770752111
P029,electronics,2026-02-06,49.25360272024476,42.241952218999415,56.58058451889067,11.444219770752111
P029,electronics,2026-02-07,49.02880301497477,41.283552242704225,56.79320822876987,11.444219770752111
P029,electronics,2026-02-08,49.650340977405705,42.56810019615656,57.11844702031496,11.444219770752111
P029,electronics,2026-02-09,48.20954546448236,40.5312537054009,56.04734518830422,11.444219770752111
P029,electronics,2026-02-10,49.34507383578719,41.32816971997459,57.259237228481126,11.444219770752111
P029,electronics,2026-02-11,48.216605366212555,40.50060083216878,55.37825829375365,11.444219770752111
P029,electronics,2026-02-12,47.10665918396379,39.518054875189755,54.85190914475228,11.444219770752111
P029,electronics,2026-02-13,47.44403596076966,39.86754497721258,54.84977087069302,11.444219770752111
P029,electronics,2026-02-14,47.172036952938555,39.13515823659537,54.329116115769246,11.444219770752111
P029,electronics,2026-02-15,47.79607972240921,40.07865343735767,54.62575453727252,11.444219770752111
P029,electronics,2026-02-16,46.39504521649225,39.1555173698335,53.654782117888224,11.444219770752111
P029,electronics,2026-02-17,47.62072427988815,40.014352261882856,54.72185297698818,11.444219770752111
P029,electronics,2026-02-18,46.61143667257945,38.5794862799934,53.32850605225639,11.444219770752111
P029,electronics,2026-02-19,45.65272708074111,38.417997965674445,53.16001692052491,11.444219770752111
P029,electronics,2026-02-20,46.172772856959874,38.776835434871465,53.484627934599935,11.444219770752111
P029,electronics,2026-02-21,46.10151827045771,38.474098424269826,53.54831754022654,11.444219770752111
P029,electronics,2026-02-22,46.94336563515332,39.62471916686804,54.1402774693993,11.444219770752111
P029,electronics,2026-02-23,45.76053003698979,38.5849185887612,53.22495551394579,11.444219770752111
P029,electronics,2026-02-24,47.214976591870546,39.79301670508174,54.91364154019257,11.444219770752111
P029,electronics,2026-02-25,46.421989814550216,38.857704778148026,53.4422030444726,11.444219770752111
P029,electronics,2026-02-26,45.669735133535596,38.15090452399904,52.89026469535255,11.444219770752111
P029,electronics,2026-02-27,46.38658448398984,38.700692290974494,53.770879574940544,11.444219770752111
P029,electronics,2026-02-28,46.491084594703636,39.30243575031242,53.984344094923046,11.444219770752111
P029,electronics,2026-03-01,47.48961289175433,40.46693223396666,54.86917431947871,11.444219770752111
P030,apparel,2026-01-01,61.8434362178904,48.81933922009076,74.88501840988435,11.482048692568336
P030,apparel,2026-01-02,60.578278648110896,47.69248121362939,74.66144462396078,11.482048692568336
P030,apparel,2026-01-03,61.76635698288873,47.765617599465884,75.27953550588504,11.482048692568336
P030,apparel,2026-01-04,61.40760831576487,47.404543683396234,75.28050518663495,11.482048692568336
P030,apparel,2026-01-05,61.43200341487247,47.84518616529624,75.93453532057778,11.482048692568336
P030,apparel,2026-01-06,61.43082495140901,48.184131940442285,76.67612436541093,11.482048692568336
P030,apparel,2026-01-07,61.1211414505878,47.29418440560743,75.14561020886006,11.482048692568336
P030,apparel,2026-01-08,61.97209130007996,48.729357092840985,75.76974663921253,11.482048692568336
P030,apparel,2026-01-09,60.81513117796397,46.58683574042036,73.19500412432502,11.482048692568336
P030,apparel,2026-01-10,62.13464545403975,48.77258117102136,75.7306993508934,11.482048692568336
P030,apparel,2026-01-11,61.925113532466774,48.26631490859882,75.84972152116502,11.482048692568336
P030,apparel,2026-01-12,62.1168951717837,47.75318745645059,75.87242061092704,11.482048692568336
P030,apparel,2026-01-13,62.297629955290574,49.12972131282672,76.80372338099913,11.482048692568336
P030,apparel,2026-01-14,62.179700177258006,47.63342681612261,75.4270833103607,11.482048692568336
P030,apparel,2026-01-15,63.22855266999423,48.0296551510849,77.49329634314311,11.482048692568336
P030,apparel,2026-01-16,62.26547221126972,48.71969969212714,75.57912524537538,11.482048692568336
P030,apparel,2026-01-17,63.773045558615536,50.2414851681735,77.43524174452595,11.482048692568336
P030,apparel,2026-01-18,63.73330826630616,49.40331519570582,77.76781768220528,11.482048692568336
P030,apparel,2026-01-19,64.07100247763235,50.497195608039206,78.40906386752758,11.482048692568336
P030,apparel,2026-01-20,64.3653954315981,50.11125751147072,79.84903426680803,11.482048692568336
P030,apparel,2026-01-21,64.3209925357276,49.906215687737685,78.25005045302248,11.482048692568336
P030,apparel,2026-01-22,65.398111590903,50.63091180485725,78.79901075598944,11.482048692568336
P030,apparel,2026-01-23,64.40834034343438,49.73303105617516,77.90465763766359,11.482048692568336
P030,apparel,2026-01-24,65.83495185421194,52.58538385294077,80.56903024768498,11.482048692568336
P030,apparel,2026-01-25,65.65205992584217,52.2138460082716,78.73665043440558,11.482048692568336
P030,apparel,2026-01-26,65.78530797576768,51.664111797421434,79.68105304192753,11.482048692568336
P030,apparel,2026-01-27,65.81399396945176,52.44512297690419,80.3441835502428,11.482048692568336
P030,apparel,2026-01-28,65.44485148913039,50.9230910689772,79.7703376969325,11.482048692568336
P030,apparel,2026-01-29,66.14462853628135,52.48037385697024,80.52053601488151,11.482048692568336
P030,apparel,2026-01-30,64.72792195528542,50.99466428269889,78.10717335830616,11.482048692568336
P030,apparel,2026-01-31,65.69218565503714,52.24479092890846,79.34999089755964,11.482048692568336
P030,apparel,2026-02-01,65.01749503750511,51.34607038169217,78.43520921350239,11.482048692568336
P030,apparel,2026-02-02,64.64423785300596,50.825799257422744,78.83156371789808,11.482048692568336
P030,apparel,2026-02-03,64.16509982096505,50.65364276622848,77.33390722607169,11.482048692568336
P030,apparel,2026-02-04,63.30146499716196,49.57991687895686,76.4544771930875,11.482048692568336
P030,apparel,2026-02-05,63.53756159768896,49.355512337581175,77.75138570552087,11.482048692568336
P030,apparel,2026-02-06,61.70026096676989,47.31506779567755,74.60981919354343,11.482048692568336
P030,apparel,2026-02-07,62.30830518780739,49.34266144166604,74.9851699083669,11.482048692568336
P030,apparel,2026-02-08,61.35235867042904,47.78666580911033,74.99039653416958,11.482048692568336
P030,apparel,2026-02-09,60.78944223014386,47.26544205626974,74.28651936854911,11.482048692568336
P030,apparel,2026-02-10,60.224593524335766,45.923915239395825,74.97024027738554,11.482048692568336
P030,apparel,2026-02-11,59.389781534520694,45.58615593576936,73.3752743259202,11.482048692568336
P030,apparel,2026-02-12,59.77960045173003,44.9675856907135,73.2074099104133,11.482048692568336
P030,apparel,2026-02-13,58.22310350570143,43.323125248017625,71.60677321426462,11.482048692568336
P030,apparel,2026-02-14,59.24740999738032,44.726106987402964,74.05255310497725,11.482048692568336
P030,apparel,2026-02-15,58.838291550886524,45.17509973707696,72.44611427721533,11.482048692568336
P030,apparel,2026-02-16,58.95167949980511,44.95305228671818,72.36000531566782,11.482048692568336
P030,apparel,2026-02-17,59.185405338062594,45.90741868386367,72.94623540002085,11.482048692568336
P030,apparel,2026-02-18,59.26109979439226,45.39063241694522,73.07227724624258,11.482048692568336
P030,apparel,2026-02-19,60.661958561658814,45.03326862443319,74.01803603656043,11.482048692568336
P030,apparel,2026-02-20,60.197174289622616,46.294369416497176,74.06605484729765,11.482048692568336
P030,apparel,2026-02-21,62.380510637059864,48.63417343052247,76.73487605318279,11.482048692568336
P030,apparel,2026-02-22,63.17201884436828,48.62990878590389,77.32514623061344,11.482048692568336
P030,apparel,2026-02-23,64.50720534656253,50.548732728569256,78.6708836932743,11.482048692568336
P030,apparel,2026-02-24,65.95941355675043,52.12383844389393,79.98679604351281,11.482048692568336
P030,apparel,2026-02-25,67.2252267990518,53.049062340726536,81.51081542585773,11.482048692568336
P030,apparel,2026-02-26,69.76476754885636,54.868458045218624,83.93528682891572,11.482048692568336
P030,apparel,2026-02-27,70.35911747606607,56.8660929407544,85.35140917025151,11.482048692568336
P030,apparel,2026-02-28,73.50416423909284,59.98975950993817,87.89719626733182,11.482048692568336
P030,apparel,2026-03-01,75.13365973217745,61.804820248817144,89.84845769977284,11.482048692568336
P031,staples,2026-01-01,164.89392570946865,129.04038670813853,198.47783302932373,11.756018026217312
P031,staples,2026-01-02,171.59121018635776,134.74371587605071,207.23136755743508,11.756018026217312
P031,staples,2026-01-03,171.67571598053382,135.63958969284354,207.62982795420533,11.756018026217312
P031,staples,2026-01-04,171.28435565629223,133.89860957744133,205.58020926218168,11.756018026217312
P031,staples,2026-01-05,172.64476936006906,137.68889321713877,208.00824904663997,11.756018026217312
P031,staples,2026-01-06,172.40768489318415,134.64574173902523,208.7818274909922,11.756018026217312
P031,staples,2026-01-07,176.07548837328895,140.20131582446058,215.85205857818147,11.756018026217312
P031,staples,2026-01-08,169.3793570372595,132.62799067926574,204.8491631741794,11.756018026217312
P031,staples,2026-01-09,176.12966672008568,140.0489465924321,214.1193496030302,11.756018026217312
P031,staples,2026-01-10,176.149155007682,138.5001943352032,215.22193741154098,11.756018026217312
P031,staples,2026-01-11,175.5870160534764,137.9772717618489,212.25446552012195,11.756018026217312
P031,staples,2026-01-12,176.6807738963358,141.53500363579062,213.2085551832193,11.756018026217312
P031,staples,2026-01-13,176.0861952346452,137.35141499277455,212.88858927713682,11.756018026217312
P031,staples,2026-01-14,179.32490223621608,142.47691567060858,214.84471025548976,11.756018026217312
P031,staples,2026-01-15,172.12281672020012,136.18208317399365,209.60234793686885,11.756018026217312
P031,staples,2026-01-16,178.3376379198386,142.04974421540985,212.3913878003736,11.756018026217312
P031,staples,2026-01-17,177.78166651938955,141.75834354188424,215.18292525897286,11.756018026217312
P031,staples,2026-01-18,176.62958158746758,142.8047272074376,212.89880831160423,11.756018026217312
P031,staples,2026-01-19,177.13933470582057,141.5085991694921,214.82241553004383,11.756018026217312
P031,staples,2026-01-20,175.9793447301349,138.3266783998298,213.1328194968608,11.756018026217312
P031,staples,2026-01-21,178.69496392710076,142.78161785566255,215.0698055463924,11.756018026217312
P031,staples,2026-01-22,171.00813135514153,139.33055098781642,206.72335649386648,11.756018026217312
P031,staples,2026-01-23,176.8219077230641,140.43077485768106,212.9661819710349,11.756018026217312
P031,staples,2026-01-24,175.93303601465578,142.9733854398485,214.77678086225706,11.756018026217312
P031,staples,2026-01-25,174.5335625960614,138.11499415574517,209.32560134207432,11.756018026217312
P031,staples,2026-01-26,174.89099567004203,138.7026675774597,209.24471122004553,11.756018026217312
P031,staples,2026-01-27,173.67309989034982,138.28670206724811,211.60640028521533,11.756018026217312
P031,staples,2026-01-28,176.43359893280333,138.80962928514268,212.7523708948336,11.756018026217312
P031,staples,2026-01-29,168.87347556538998,131.5299926938476,208.66632256011854,11.756018026217312
P031,staples,2026-01-30,174.92304318501766,139.08457397828536,210.95633800134215,11.756018026217312
P031,staples,2026-01-31,174.34475131773564,137.27427361757006,210.4731679430054,11.756018026217312
P031,staples,2026-02-01,173.32917379275113,135.87465341686834,209.8963070912571,11.756018026217312
P031,staples,2026-02-02,174.13495459177128,137.43878248742737,209.47107214056265,11.756018026217312
P031,staples,2026-02-03,173.4117112102471,135.8367953188306,211.75837929589443,11.756018026217312
P031,staples,2026-02-04,176.7054544939217,141.6154483789117,212.63309176955386,11.756018026217312
P031,staples,2026-02-05,169.6819751321974,132.52678213724437,206.5658719476977,11.756018026217312
P031,staples,2026-02-06,176.28683867342338,138.97570609534384,214.0634945770368,11.756018026217312
P031,staples,2026-02-07,176.23875945625477,137.6580057509269,213.01053801422356,11.756018026217312
P031,staples,2026-02-08,175.72020764310608,136.85914944843046,213.20592267523477,11.756018026217312
P031,staples,2026-02-09,176.97731599936847,141.24558543074556,213.79020525209165,11.756018026217312
P031,staples,2026-02-10,176.6409829664279,139.64067474346007,212.7497964257542,11.756018026217312
P031,staples,2026-02-11,180.25201614257864,144.1204114256442,216.29416258917465,11.756018026217312
P031,staples,2026-02-12,173.4465273040183,138.15885046266234,209.64602846000875,11.756018026217312
P031,staples,2026-02-13,180.1936913526262,143.75935672680254,218.40259181278967,11.756018026217312
P031,staples,2026-02-14,180.17945232457552,144.41929286712403,216.61065378919974,11.756018026217312
P031,staples,2026-02-15,179.5914430375008,146.3113059400057,216.05821701344345,11.756018026217312
P031,staples,2026-02-16,180.67848544507612,139.8070947384155,216.92199919544768,11.756018026217312
P031,staples,2026-02-17,180.06947535599096,144.17120056874998,216.29049128879043,11.756018026217312
P031,staples,2026-02-18,183.3177924912701,146.20666823175236,220.76372880567237,11.756018026217312
P031,staples,2026-02-19,176.04822065843365,141.6964727129225,210.12167439782186,11.756018026217312
P031,staples,2026-02-20,182.27197426976218,142.63252739151415,219.82089640033203,11.756018026217312
P031,staples,2026-02-21,181.66024065359326,146.51683167001167,218.85917736248288,11.756018026217312
P031,staples,2026-02-22,180.42293058203086,143.47048923561468,216.62519984224545,11.756018026217312
P031,staples,2026-02-23,180.82731747323473,144.01797712046087,218.7315409564732,11.756018026217312
P031,staples,2026-02-24,179.51428815589802,143.72528986025534,216.35447875163112,11.756018026217312
P031,staples,2026-02-25,182.0616539823867,147.88106484198693,218.06710745127376,11.756018026217312
P031,staples,2026-02-26,174.09229020862873,137.0164595569888,210.07637112576398,11.756018026217312
P031,staples,2026-02-27,179.66619149372545,141.9562665001589,217.79439433457594,11.756018026217312
P031,staples,2026-02-28,178.4436851612486,143.04610404073773,214.3004235046042,11.756018026217312
P031,staples,2026-03-01,176.65792431991107,142.42851239422808,212.96299626912247,11.756018026217312
P032,staples,2026-01-01,29.233694287650692,23.487128812325338,35.068979757650276,10.041919729840536
P032,staples,2026-01-02,29.7871798951934,23.954662312970388,35.75175227604591,10.041919729840536
P032,staples,2026-01-03,30.125095469461364,24.586616297487286,35.74831067717131,10.041919729840536
P032,staples,2026-01-04,29.4987890857789,23.482288853392998,35.15688340933279,10.041919729840536
P032,staples,2026-01-05,29.019758068458543,23.477290725753928,35.02772260822124,10.041919729840536
P032,staples,2026-01-06,29.176235171781908,23.286854322093564,34.61053571928438,10.041919729840536
P032,staples,2026-01-07,27.948021085217775,22.09405682168669,33.79491986095143,10.041919729840536
P032,staples,2026-01-08,28.358643243834994,22.489126385276595,34.28292618494827,10.041919729840536
P032,staples,2026-01-09,28.979981922374748,23.42438190502556,35.113779185730266,10.041919729840536
P032,staples,2026-01-10,29.391194462565092,23.67231599469775,34.771266114929745,10.041919729840536
P032,staples,2026-01-11,28.841408476799085,23.126140641466318,34.42569757631441,10.041919729840536
P032,staples,2026-01-12,28.44254617382915,22.496230327913395,33.9904357742721,10.041919729840536
P032,staples,2026-01-13,28.682349716449327,22.895723923358602,34.32043356691785,10.041919729840536
P032,staples,2026-01-14,27.536519183939067,22.238523366159754,33.62390090596683,10.041919729840536
P032,staples,2026-01-15,28.031782482000025,22.434882749787427,33.733435579816906,10.041919729840536
P032,staples,2026-01-16,28.736849632482524,23.169476785248094,34.594556676893916,10.041919729840536
P032,staples,2026-01-17,29.229227228606714,23.45162493486767,35.03315409568185,10.041919729840536
P032,staples,2026-01-18,28.755999774433015,23.264398384376847,34.730558845993286,10.041919729840536
P032,staples,2026-01-19,28.42982658235206,22.60178439497092,33.94312878420855,10.041919729840536
P032,staples,2026-01-20,28.73839469327538,23.04579445292747,34.502054066999825,10.041919729840536
P032,staples,2026-01-21,27.65384887510183,21.988744036488175,33.411394059821,10.041919729840536
P032,staples,2026-01-22,28.206757792323472,22.07177340207029,33.86551464408227,10.041919729840536
P032,staples,2026-01-23,28.96338062202032,23.158632164366146,34.59828802820266,10.041919729840536
P032,staples,2026-01-24,29.50035521770704,23.72206809547602,35.2808439256864,10.041919729840536
P032,staples,2026-01-25,29.063550776685524,23.31884543809612,34.76101332568089,10.041919729840536
P032,staples,2026-01-26,28.767220548090506,22.716600366396502,34.54474768036517,10.041919729840536
P032,staples,2026-01-27,29.099865904318857,23.130092991027777,35.12204206814692,10.041919729840536
P032,staples,2026-01-28,28.030942581312647,22.396777841331726,34.046242939520944,10.041919729840536
P032,staples,2026-01-29,28.595708158935647,22.48242199197578,34.28112036831617,10.041919729840536
P032,staples,2026-01-30,29.358787087927116,23.475944024057526,35.09562879346414,10.041919729840536
P032,staples,2026-01-31,29.8967198296558,24.29713819067464,35.69296776066354,10.041919729840536
P032,staples,2026-02-01,29.45487541273005,23.287427698028,34.82162347504084,10.041919729840536
P032,staples,2026-02-02,29.149749884191362,23.4344736348264,35.390569009207084,10.041919729840536
P032,staples,2026-02-03,29.471232882594823,23.819804406412825,35.08997408680196,10.041919729840536
P032,staples,2026-02-04,28.386582909174596,22.852531903043054,34.043029212969394,10.041919729840536
P032,staples,2026-02-05,28.936150346605263,23.27277393722961,34.999573355592425,10.041919729840536
P032,staples,2026-02-06,29.683236547219284,23.711786941875502,35.44669169703777,10.041919729840536
P032,staples,2026-02-07,30.20450099491333,24.403657213144715,36.02723827800008,10.041919729840536
P032,staples,2026-02-08,29.744932159895114,24.425530215426534,35.36516511762864,10.041919729840536
P032,staples,2026-02-09,29.42329142856638,23.111166848117414,35.205368366919444,10.041919729840536
P032,staples,2026-02-10,29.730783205001238,24.071467562894778,35.8409798763379,10.041919729840536
P032,staples,2026-02-11,28.632301497271676,22.752985656903473,34.740302496242684,10.041919729840536
P032,staples,2026-02-12,29.17303198650339,22.980056958319015,35.33907323509236,10.041919729840536
P032,staples,2026-02-13,29.914609888599,24.18161993666537,35.855394685288005,10.041919729840536
P032,staples,2026-02-14,30.433391025726948,24.747163549196642,35.68595155203073,10.041919729840536
P032,staples,2026-02-15,29.97348801612318,24.15513181299876,35.38747712121932,10.041919729840536
P032,staples,2026-02-16,29.655367840450012,24.194057178704405,35.825039908994825,10.041919729840536
P032,staples,2026-02-17,29.97093471409948,24.188278053699054,35.91686203888589,10.041919729840536
P032,staples,2026-02-18,28.882058269183748,23.20213649987608,34.88946449160499,10.041919729840536
P032,staples,2026-02-19,29.438065929796206,23.757660351408067,34.841585379534095,10.041919729840536
P032,staples,2026-02-20,30.198211696729697,24.338185704078633,36.209620562313674,10.041919729840536
P032,staples,2026-02-21,30.73782406590252,24.79172555341013,36.15861622110842,10.041919729840536
P032,staples,2026-02-22,30.299421146129944,24.071621778445376,35.914074658332595,10.041919729840536
P032,staples,2026-02-23,30.00447594840347,23.84644582820773,35.784524826984985,10.041919729840536
P032,staples,2026-02-24,30.344926416701515,24.40832867201462,36.230425451727534,10.041919729840536
P032,staples,2026-02-25,29.278999671153446,23.729789478205635,35.18768214041563,10.041919729840536
P032,staples,2026-02-26,29.859608980121184,24.19844051603357,35.27157616517588,10.041919729840536
P032,staples,2026-02-27,30.643147304202085,24.599658686352452,36.441173193672995,10.041919729840536
P032,staples,2026-02-28,31.20352514190221,25.056091388815673,36.692685958338366,10.041919729840536
P032,staples,2026-03-01,30.78137658165345,24.732759999871522,36.496532300365246,10.041919729840536
P033,apparel,2026-01-01,136.33025622205184,99.41230633343062,172.20933351671596,12.283536690611555
P033,apparel,2026-01-02,133.7322569327413,97.88140866147151,170.24213716920133,12.283536690611555
P033,apparel,2026-01-03,133.00015187627255,94.963080017218,169.6899034413589,12.283536690611555
P033,apparel,2026-01-04,132.66104476709128,95.7254615915066,167.737225828154,12.283536690611555
P033,apparel,2026-01-05,135.21448047215105,96.96040840092653,170.037648736132,12.283536690611555
P033,apparel,2026-01-06,130.5682822108314,92.1159196128948,167.40052613391532,12.283536690611555
P033,apparel,2026-01-07,131.6138939564297,94.0033129445284,167.735045215609,12.283536690611555
P033,apparel,2026-01-08,131.70280933970653,96.4334366629033,167.10546233559646,12.283536690611555
P033,apparel,2026-01-09,129.38476704158768,88.48418606650498,167.02641823687344,12.283536690611555
P033,apparel,2026-01-10,129.08501570464037,91.2342111002879,166.94844830464703,12.283536690611555
P033,apparel,2026-01-11,129.3268857261511,91.55419075072042,165.48462089990426,12.283536690611555
P033,apparel,2026-01-12,132.59871859307813,96.17031823435516,169.1276896637405,12.283536690611555
P033,apparel,2026-01-13,128.79683214241328,90.30918899089399,167.2740835763616,12.283536690611555
P033,apparel,2026-01-14,130.78632996901848,91.14342526974106,171.62315778743292,12.283536690611555
P033,apparel,2026-01-15,131.89593604534608,93.96677704045513,168.07712241583218,12.283536690611555
P033,apparel,2026-01-16,130.6465682359204,94.08205032808908,166.4992053515581,12.283536690611555
P033,apparel,2026-01-17,131.42922282411897,94.11879329093381,166.88863633690818,12.283536690611555
P033,apparel,2026-01-18,132.73351613276546,93.89356807886499,168.81723291538762,12.283536690611555
P033,apparel,2026-01-19,137.01160063891535,96.52943442897482,173.96766701976787,12.283536690611555
P033,apparel,2026-01-20,134.1292594386637,97.908996633032,169.39432206401696,12.283536690611555
P033,apparel,2026-01-21,136.913003976653,99.12603492457588,175.55755503620858,12.283536690611555
P033,apparel,2026-01-22,138.6639263953794,102.11865540862127,174.95889038933004,12.283536690611555
P033,apparel,2026-01-23,137.8770307797853,100.28181883803545,175.4671259810814,12.283536690611555
P033,apparel,2026-01-24,138.9198685468894,102.19464425992265,176.3703809613251,12.283536690611555
P033,apparel,2026-01-25,140.26692453581802,102.57445206091128,177.2059326167448,12.283536690611555
P033,apparel,2026-01-26,144.36013772836185,107.92614016244282,185.3922127359899,12.283536690611555
P033,apparel,2026-01-27,141.06749383560367,102.35805456877976,177.7644756848597,12.283536690611555
P033,apparel,2026-01-28,143.21554721039723,105.80052349214051,182.06776531258004,12.283536690611555
P033,apparel,2026-01-29,144.12121711427508,106.21879878561276,182.50015675939693,12.283536690611555
P033,apparel,2026-01-30,142.30062346722204,106.13796288205285,178.60986888106544,12.283536690611555
P033,apparel,2026-01-31,142.14707673468345,104.56882020752901,180.71927174835957,12.283536690611555
P033,apparel,2026-02-01,142.1698102034945,106.85831003849991,180.1456017718646,12.283536690611555
P033,apparel,2026-02-02,144.84955006333914,107.2795286369728,186.50917923649493,12.283536690611555
P033,apparel,2026-02-03,140.10304125461968,101.65875540558244,174.92769913334135,12.283536690611555
P033,apparel,2026-02-04,140.79946739628218,104.3567259063153,175.14472327797486,12.283536690611555
P033,apparel,2026-02-05,140.30875129812762,102.72092242725692,175.1611963522463,12.283536690611555
P033,apparel,2026-02-06,137.1985878716138,98.57576252808626,174.2423698004172,12.283536690611555
P033,apparel,2026-02-07,135.910655940083,96.45904203606997,169.96314230745148,12.283536690611555
P033,apparel,2026-02-08,135.00277662314815,97.7576675007835,171.4815577209193,12.283536690611555
P033,apparel,2026-02-09,136.99885701111168,97.0032906418236,174.25447247139462,12.283536690611555
P033,apparel,2026-02-10,131.85894268650614,95.33823606200622,172.54344413183597,12.283536690611555
P033,apparel,2026-02-11,132.479415361907,96.61288266271129,168.21206634269052,12.283536690611555
P033,apparel,2026-02-12,132.2579723436196,94.96924325134621,170.6660992935542,12.283536690611555
P033,apparel,2026-02-13,129.77932632270378,90.58316647733501,168.41971124626687,12.283536690611555
P033,apparel,2026-02-14,129.49039501733654,93.79198233644473,165.83139522037598,12.283536690611555
P033,apparel,2026-02-15,129.94691028200637,95.94741644863981,165.3199420987658,12.283536690611555
P033,apparel,2026-02-16,133.65900298156373,96.87574820930979,169.64661832602172,12.283536690611555
P033,apparel,2026-02-17,130.56825950947726,93.42364702911078,167.69881611117438,12.283536690611555
P033,apparel,2026-02-18,133.53334424609778,96.82667125623084,171.76918187730485,12.283536690611555
P033,apparel,2026-02-19,135.91342940308675,98.60142717274056,174.13660586842144,12.283536690611555
P033,apparel,2026-02-20,136.24440771605697,98.63037071394486,173.35470713210955,12.283536690611555
P033,apparel,2026-02-21,138.9149279732828,102.63325154944411,175.84509282254052,12.283536690611555
P033,apparel,2026-02-22,142.41929105919226,105.83003502432597,180.34965774714988,12.283536690611555
P033,apparel,2026-02-23,149.20042677119815,113.59649902745267,188.85053571490425,12.283536690611555
P033,apparel,2026-02-24,149.1355678160766,108.55388070227247,187.57458460868213,12.283536690611555
P033,apparel,2026-02-25,155.00872487813305,118.46846371015543,193.66183265207414,12.283536690611555
P033,apparel,2026-02-26,160.1137653214105,121.1289195270619,196.04812466734805,12.283536690611555
P033,apparel,2026-02-27,162.92207045915148,125.91457064512456,200.76173252741785,12.283536690611555
P033,apparel,2026-02-28,167.76005163130745,130.84333206943734,202.83965607031155,12.283536690611555
P033,apparel,2026-03-01,173.06864884746494,137.35092203125873,209.97251870257642,12.283536690611555
P034,apparel,2026-01-01,62.551619052649805,49.03004540464224,75.48634156148016,9.892139956030944
P034,apparel,2026-01-02,63.97910766626067,50.794035296280754,76.76603897209405,9.892139956030944
P034,apparel,2026-01-03,64.98690695882004,50.9748431720163,77.0784849477821,9.892139956030944
P034,apparel,2026-01-04,64.44230733641342,51.203571672487605,77.14011425724996,9.892139956030944
P034,apparel,2026-01-05,63.886911106422374,52.281306292650335,77.13409546809577,9.892139956030944
P034,apparel,2026-01-06,63.16185696548967,51.320509404307366,75.63213401797555,9.892139956030944
P034,apparel,2026-01-07,63.96690978392565,50.66986146917704,77.08039267179396,9.892139956030944
P034,apparel,2026-01-08,62.218573138989456,49.18604998523456,74.84116754356404,9.892139956030944
P034,apparel,2026-01-09,63.56008857209524,50.799826657648694,77.03110937224093,9.892139956030944
P034,apparel,2026-01-10,64.51740640390052,52.00617257884179,77.84261634718246,9.892139956030944
P034,apparel,2026-01-11,63.95908297356145,51.39786401100265,77.78893155861722,9.892139956030944
P034,apparel,2026-01-12,63.43324098802988,50.39647224461941,76.77543151104487,9.892139956030944
P034,apparel,2026-01-13,62.781161838987224,49.84237590916181,76.10902810863954,9.892139956030944
P034,apparel,2026-01-14,63.70570093889629,51.00737976873091,77.41976460152901,9.892139956030944
P034,apparel,2026-01-15,62.109335586849895,48.820484814940066,74.75663641984775,9.892139956030944
P034,apparel,2026-01-16,63.64504700412169,51.08584176141521,76.68243484188976,9.892139956030944
P034,apparel,2026-01-17,64.82292070177856,51.67082302120923,78.04985584151727,9.892139956030944
P034,apparel,2026-01-18,64.50041068952767,51.76715271335061,77.19314383192481,9.892139956030944
P034,apparel,2026-01-19,64.22046263950729,51.520945641704934,76.21428499054439,9.892139956030944
P034,apparel,2026-01-20,63.81392164532215,50.7141190211741,76.80732285826987,9.892139956030944
P034,apparel,2026-01-21,64.97768614273583,52.046846343521466,78.86060404257411,9.892139956030944
P034,apparel,2026-01-22,63.59305534962793,49.898971239288954,75.77930408862927,9.892139956030944
P034,apparel,2026-01-23,65.31779682382961,52.53826201721823,78.19261217392872,9.892139956030944
P034,apparel,2026-01-24,66.64360684130062,54.17425714060085,79.59019153523434,9.892139956030944
P034,apparel,2026-01-25,66.41689123104767,52.85563290773905,79.46141855601041,9.892139956030944
P034,apparel,2026-01-26,66.17811424920261,52.89489006820912,78.36129504484222,9.892139956030944
P034,apparel,2026-01-27,65.75299471925926,51.601007625908984,78.34461294945385,9.892139956030944
P034,apparel,2026-01-28,66.84028120649873,53.63011287921915,79.35014846180106,9.892139956030944
P034,apparel,2026-01-29,65.31019403139796,51.6791346492568,77.9734400580078,9.892139956030944
P034,apparel,2026-01-30,66.83739113333579,53.57005356182592,80.10862237278174,9.892139956030944
P034,apparel,2026-01-31,67.90892718464818,54.506120868650946,81.33472995739687,9.892139956030944
P034,apparel,2026-02-01,67.37512634557679,53.52921355388546,80.9878401834,9.892139956030944
P034,apparel,2026-02-02,66.78968149394522,54.73497279930327,79.8055315770676,9.892139956030944
P034,apparel,2026-02-03,65.98912729974691,52.300055923602606,79.34160729483135,9.892139956030944
P034,apparel,2026-02-04,66.68970500439899,53.174457378201176,79.6885786516336,9.892139956030944
P034,apparel,2026-02-05,64.76536389599593,51.43185233953942,75.77503749825044,9.892139956030944
P034,apparel,2026-02-06,65.9211039784747,53.23891518069864,78.57404865498823,9.892139956030944
P034,apparel,2026-02-07,66.65094281249623,53.32263203184008,80.51918565635042,9.892139956030944
P034,apparel,2026-02-08,65.81843583156217,53.16772273583108,78.63854550182319,9.892139956030944
P034,apparel,2026-02-09,64.99714314786537,52.082882263481636,78.55122918194331,9.892139956030944
P034,apparel,2026-02-10,64.03807158461436,51.67414781708245,77.10339801341145,9.892139956030944
P034,apparel,2026-02-11,64.67540697767083,52.38391160877082,78.18559666320468,9.892139956030944
P034,apparel,2026-02-12,62.783947517339605,49.605126208066046,75.96200649427655,9.892139956030944
P034,apparel,2026-02-13,64.09279591784468,51.84288080495035,77.12112745977223,9.892139956030944
P034,apparel,2026-02-14,65.09340977300397,52.174160511889035,78.15913322244702,9.892139956030944
P034,apparel,2026-02-15,64.64994799743378,51.17515553756328,78.59036962979319,9.892139956030944
P034,apparel,2026-02-16,64.34038308479349,51.62276247508748,76.92403456679098,9.892139956030944
P034,apparel,2026-02-17,64.01228274510414,51.70183295226957,76.67838482004473,9.892139956030944
P034,apparel,2026-02-18,65.39786369046463,51.497434632694706,79.38361297450577,9.892139956030944
P034,apparel,2026-02-19,64.35138200072664,52.025073521499365,77.5871258807537,9.892139956030944
P034,apparel,2026-02-20,66.60375669921062,54.66640780228932,79.45203595311634,9.892139956030944
P034,apparel,2026-02-21,68.62132591144535,55.565088488642374,81.22509683146355,9.892139956030944
P034,apparel,2026-02-22,69.24666428569276,56.40854104534628,82.59260931871212,9.892139956030944
P034,apparel,2026-02-23,70.04098937504189,57.08465047591059,82.72081116196104,9.892139956030944
P034,apparel,2026-02-24,70.8289162372261,57.847386779001965,84.07114716725452,9.892139956030944
P034,apparel,2026-02-25,73.32343180128852,60.152265083874575,85.95516171425083,9.892139956030944
P034,apparel,2026-02-26,73.34378889687764,60.843944110293215,86.01118666614326,9.892139956030944
P034,apparel,2026-02-27,76.61153852241117,64.0978855158073,89.30500883832414,9.892139956030944
P034,apparel,2026-02-28,79.56038465738452,66.61788682067929,92.65318718693503,9.892139956030944
P034,apparel,2026-03-01,81.00776827632922,67.94045166643015,94.23290914377742,9.892139956030944
P035,electronics,2026-01-01,53.80003695038577,44.21823338830985,62.54301024980152,17.727082280198665
P035,electronics,2026-01-02,52.702136793269084,43.81366534470559,62.065677762051195,17.727082280198665
P035,electronics,2026-01-03,51.77421436389819,42.83326520612032,60.5601615526915,17.727082280198665
P035,electronics,2026-01-04,49.530806609053656,40.40432539957601,58.95443765341688,17.727082280198665
P035,electronics,2026-01-05,48.62178409237586,39.6579158445803,57.214712922996455,17.727082280198665
P035,electronics,2026-01-06,46.66227317923606,37.959098400626274,55.52266272453241,17.727082280198665
P035,electronics,2026-01-07,44.76316052986595,35.704552190453995,53.751991226733594,17.727082280198665
P035,electronics,2026-01-08,44.010094851365984,35.2556421336803,53.34402723139988,17.727082280198665
P035,electronics,2026-01-09,43.33954728960844,34.06935074133639,52.694634428667385,17.727082280198665
P035,electronics,2026-01-10,42.93870319200679,33.949012365915884,51.980476398895156,17.727082280198665
P035,electronics,2026-01-11,41.307755966091754,32.25083166601527,50.155545640146556,17.727082280198665
P035,electronics,2026-01-12,41.087811591812994,31.739838362274433,50.23755599504827,17.727082280198665
P035,electronics,2026-01-13,39.875186755072,30.516344768977444,49.284365874130984,17.727082280198665
P035,electronics,2026-01-14,38.76714749467686,29.271564471557586,48.22366131022218,17.727082280198665
P035,electronics,2026-01-15,38.83516660706159,29.63838476382458,48.40602936642797,17.727082280198665
P035,electronics,2026-01-16,38.997683922134826,29.55575408190664,47.97800648870494,17.727082280198665
P035,electronics,2026-01-17,39.42630518963537,29.784193141227245,48.71558350639085,17.727082280198665
P035,electronics,2026-01-18,38.60335834558947,29.626116841442276,47.148986075522274,17.727082280198665
P035,electronics,2026-01-19,39.16028108560652,30.873303441803618,48.843752827196404,17.727082280198665
P035,electronics,2026-01-20,38.67625972886752,29.240717840293232,48.04769128530784,17.727082280198665
P035,electronics,2026-01-21,38.23910029268306,29.691535305611676,47.410401239776384,17.727082280198665
P035,electronics,2026-01-22,38.91257715388931,29.885304676207248,48.08069048474532,17.727082280198665
P035,electronics,2026-01-23,39.60567162166551,31.00081450717033,48.70733314698661,17.727082280198665
P035,electronics,2026-01-24,40.484806117688805,31.724111835279167,49.6088149593636,17.727082280198665
P035,electronics,2026-01-25,40.026348986100224,30.331954314101566,49.818810907575696,17.727082280198665
P035,electronics,2026-01-26,40.86513845366289,31.82432009290708,49.8523710541064,17.727082280198665
P035,electronics,2026-01-27,40.57709271516858,30.964019757965467,48.967755798055336,17.727082280198665
P035,electronics,2026-01-28,40.25483152968631,31.075012628912685,49.209024902575216,17.727082280198665
P035,electronics,2026-01-29,40.9687324427582,31.22984292829085,50.43552071975742,17.727082280198665
P035,electronics,2026-01-30,41.632272648878434,31.970048443918465,50.729915060214765,17.727082280198665
P035,electronics,2026-01-31,42.41994220835157,33.65169304801773,51.407941041363536,17.727082280198665
P035,electronics,2026-02-01,41.814369263651585,32.95046050742475,50.88259234643624,17.727082280198665
P035,electronics,2026-02-02,42.46468879668335,34.06237718631944,52.33503419352372,17.727082280198665
P035,electronics,2026-02-03,41.95287615577676,33.02157121919012,51.050653444492866,17.727082280198665
P035,electronics,2026-02-04,41.38392111561721,32.39032582288885,50.44656453007076,17.727082280198665
P035,electronics,2026-02-05,41.84044773926984,32.76792651568033,51.013173239869374,17.727082280198665
P035,electronics,2026-02-06,42.24407256367424,33.15786796175594,51.19024832092655,17.727082280198665
P035,electronics,2026-02-07,42.77896800456769,33.84774110890098,52.002521320548986,17.727082280198665
P035,electronics,2026-02-08,41.93363675169069,32.609948205022334,50.91724778148168,17.727082280198665
P035,electronics,2026-02-09,42.36920959861024,33.3714644990545,51.40565533223131,17.727082280198665
P035,electronics,2026-02-10,41.669638535966854,32.30587049966744,50.230410328642094,17.727082280198665
P035,electronics,2026-02-11,40.94660618749149,31.8168588067714,49.39213686631854,17.727082280198665
P035,electronics,2026-02-12,41.28793270945759,32.85282830490894,50.18908504915598,17.727082280198665
P035,electronics,2026-02-13,41.61520683808171,32.74963051632046,50.956448605299244,17.727082280198665
P035,electronics,2026-02-14,42.113281004677795,32.589487058803165,50.608266632729794,17.727082280198665
P035,electronics,2026-02-15,41.266992690414575,32.461325775807246,50.27255862824446,17.727082280198665
P035,electronics,2026-02-16,41.739696336990136,32.305678141729,50.67546233172893,17.727082280198665
P035,electronics,2026-02-17,41.107619170581515,32.116086255092874,50.91674499598657,17.727082280198665
P035,electronics,2026-02-18,40.47979848639675,31.85747127606574,50.00711906318167,17.727082280198665
P035,electronics,2026-02-19,40.94054899433742,32.17789232848322,49.44007833626952,17.727082280198665
P035,electronics,2026-02-20,41.40361341477379,32.7336805732345,50.18596647624365,17.727082280198665
P035,electronics,2026-02-21,42.04780253512146,33.542635442119995,51.91273824197099,17.727082280198665
P035,electronics,2026-02-22,41.34883767506261,32.148324383647804,50.715710339367774,17.727082280198665
P035,electronics,2026-02-23,41.968247380316335,33.037149487693725,51.01917250236263,17.727082280198665
P035,electronics,2026-02-24,41.47197022803299,32.91961825672701,50.759242602821075,17.727082280198665
P035,electronics,2026-02-25,40.96535619008647,31.805217177550816,50.65489690191713,17.727082280198665
P035,electronics,2026-02-26,41.52968252434633,32.43431219058165,50.281210604259456,17.727082280198665
P035,electronics,2026-02-27,42.0727652179132,32.95123555737526,51.22924190009452,17.727082280198665
P035,electronics,2026-02-28,42.77064119458961,33.86674098013007,51.45722117631528,17.727082280198665
P035,electronics,2026-03-01,42.09438900158128,32.721051175503604,51.1815134988052,17.727082280198665
P036,apparel,2026-01-01,86.4661427167815,64.66925685828947,108.44201718595791,13.268515509686125
P036,apparel,2026-01-02,84.72234113915749,60.905788579198585,107.63308555149598,13.268515509686125
P036,apparel,2026-01-03,83.14691025093734,60.76631759095169,105.08030331507803,13.268515509686125
P036,apparel,2026-01-04,84.2731312295374,62.52637044335927,109.78038370586309,13.268515509686125
P036,apparel,2026-01-05,84.8846785731327,61.162189736564315,108.26735321328508,13.268515509686125
P036,apparel,2026-01-06,82.7293071136891,60.53872314946636,106.21947973928981,13.268515509686125
P036,apparel,2026-01-07,81.31160672605425,58.79142997206364,104.73611738828312,13.268515509686125
P036,apparel,2026-01-08,83.7372873347857,59.06569253720764,107.23028349062466,13.268515509686125
P036,apparel,2026-01-09,81.76034630139286,59.30701927703126,105.12806292398456,13.268515509686125
P036,apparel,2026-01-10,80.05189757930201,57.04232164198293,103.2095489076697,13.268515509686125
P036,apparel,2026-01-11,81.14861353247973,58.83292878679241,104.35609001824547,13.268515509686125
P036,apparel,2026-01-12,81.8385599110128,60.17996650046202,102.8434815030463,13.268515509686125
P036,apparel,2026-01-13,79.86943123271928,58.1727373537059,101.46671970326811,13.268515509686125
P036,apparel,2026-01-14,78.73750587270298,57.06919244022261,102.75226071511486,13.268515509686125
P036,apparel,2026-01-15,81.53699193872812,59.259762417328695,103.69074690784255,13.268515509686125
P036,apparel,2026-01-16,80.0162078401282,56.270395432130286,102.96677322070457,13.268515509686125
P036,apparel,2026-01-17,78.82741654917947,56.03629745901536,102.72718640685831,13.268515509686125
P036,apparel,2026-01-18,80.48776113674523,57.64115789027551,102.58961857945837,13.268515509686125
P036,apparel,2026-01-19,81.76855220719526,59.55196579890439,105.12517220116604,13.268515509686125
P036,apparel,2026-01-20,80.39878053395506,57.616041657221956,101.79223319155744,13.268515509686125
P036,apparel,2026-01-21,79.85092768920974,57.83049746147234,102.65268915538454,13.268515509686125
P036,apparel,2026-01-22,83.19593263261669,59.470921222531835,105.18024240298668,13.268515509686125
P036,apparel,2026-01-23,82.16883124611462,59.84916472528492,105.38419977794119,13.268515509686125
P036,apparel,2026-01-24,81.39991212028964,58.195887560332054,103.71671259226994,13.268515509686125
P036,apparel,2026-01-25,83.38832149036415,59.46426949020484,104.56999429853042,13.268515509686125
P036,apparel,2026-01-26,84.89483101982844,61.22140734486238,107.99560609858125,13.268515509686125
P036,apparel,2026-01-27,83.64050528327283,58.418350882488,106.05742019079429,13.268515509686125
P036,apparel,2026-01-28,83.08909739560713,59.64843824433405,107.29754663340375,13.268515509686125
P036,apparel,2026-01-29,86.30722443067074,63.44939791433551,108.29423987148911,13.268515509686125
P036,apparel,2026-01-30,85.03892393921899,63.78446150422345,107.6490408336192,13.268515509686125
P036,apparel,2026-01-31,83.9174745619557,60.022071587623515,105.86754472249541,13.268515509686125
P036,apparel,2026-02-01,85.45091803294177,62.388119283563135,107.04789881392006,13.268515509686125
P036,apparel,2026-02-02,86.41748156783552,64.16810431233785,109.45982061346427,13.268515509686125
P036,apparel,2026-02-03,84.55852574814051,61.911094143617866,106.96427527185836,13.268515509686125
P036,apparel,2026-02-04,83.35662846353411,60.649203764301916,105.42776038506801,13.268515509686125
P036,apparel,2026-02-05,85.9000776532355,63.646171007385206,107.96041295454519,13.268515509686125
P036,apparel,2026-02-06,83.96548603198808,61.725585010410974,105.55405019884657,13.268515509686125
P036,apparel,2026-02-07,82.20947733465282,58.639373710767316,104.65703274583842,13.268515509686125
P036,apparel,2026-02-08,83.16541109655036,59.95114314306337,107.0040010508007,13.268515509686125
P036,apparel,2026-02-09,83.64085328060757,61.45231421694594,107.12283421093973,13.268515509686125
P036,apparel,2026-02-10,81.40432612291492,58.972462823143054,104.72057100899391,13.268515509686125
P036,apparel,2026-02-11,79.9587462247177,58.20138903606378,103.36066544988775,13.268515509686125
P036,apparel,2026-02-12,82.41005690732383,59.37859509931395,104.15868128731026,13.268515509686125
P036,apparel,2026-02-13,80.55788749166915,58.059655550230744,101.48816235311277,13.268515509686125
P036,apparel,2026-02-14,79.06725833029688,56.77886035561533,101.31460719758009,13.268515509686125
P036,apparel,2026-02-15,80.4768261156379,57.216319883995745,102.59972527819481,13.268515509686125
P036,apparel,2026-02-16,81.59887792804345,59.559108262245104,104.18592363780394,13.268515509686125
P036,apparel,2026-02-17,80.20050371320175,57.65993989480694,101.03380178098455,13.268515509686125
P036,apparel,2026-02-18,79.77313827477896,56.39276302329508,102.573743949859,13.268515509686125
P036,apparel,2026-02-19,83.40619164973435,62.249188422272,105.64279878083453,13.268515509686125
P036,apparel,2026-02-20,82.8866961333148,59.23615092643375,106.64005633103758,13.268515509686125
P036,apparel,2026-02-21,82.85203143609593,59.40725680595073,105.86669548249475,13.268515509686125
P036,apparel,2026-02-22,85.81072135923235,64.60041127530167,108.23036462228062,13.268515509686125
P036,apparel,2026-02-23,88.54598178365562,65.27333018742883,110.75496553045791,13.268515509686125
P036,apparel,2026-02-24,88.792315852674,67.71855878956886,111.71049791555777,13.268515509686125
P036,apparel,2026-02-25,90.0020999411052,68.24599804461918,111.92395892443396,13.268515509686125
P036,apparel,2026-02-26,95.22506402798648,72.70011885187296,117.01961532730324,13.268515509686125
P036,apparel,2026-02-27,96.21766453017482,73.01187486832784,119.65334789758562,13.268515509686125
P036,apparel,2026-02-28,97.57743098011217,75.49396882304421,122.22464169531844,13.268515509686125
P036,apparel,2026-03-01,101.77675979283924,78.03286450041251,124.94279041674616,13.268515509686125
P037,staples,2026-01-01,176.6761010796305,140.31745736352806,212.39711666464032,11.167275543082416
P037,staples,2026-01-02,179.170078766846,144.83624644502515,215.59187940900713,11.167275543082416
P037,staples,2026-01-03,184.94204988736678,151.81005947589324,219.5159637623613,11.167275543082416
P037,staples,2026-01-04,178.39632712558213,143.5980745325636,212.59944475920892,11.167275543082416
P037,staples,2026-01-05,175.94812331709176,141.4885620527915,212.51323509719683,11.167275543082416
P037,staples,2026-01-06,180.84567301304054,145.32276866780404,213.3087318331756,11.167275543082416
P037,staples,2026-01-07,175.94327345467744,142.8769676875261,208.47042653594517,11.167275543082416
P037,staples,2026-01-08,178.07022856909632,145.25703948046046,210.81456652518204,11.167275543082416
P037,staples,2026-01-09,180.50139705548196,145.77350485332843,215.04358842199397,11.167275543082416
P037,staples,2026-01-10,186.18731683706372,151.62262130131722,221.22036849857483,11.167275543082416
P037,staples,2026-01-11,179.50896646139006,142.76614568915969,218.0147183420458,11.167275543082416
P037,staples,2026-01-12,176.9102143661842,139.54988217426563,209.64080520159635,11.167275543082416
P037,staples,2026-01-13,181.64725046501619,149.44655266942564,216.33811883464745,11.167275543082416
P037,staples,2026-01-14,176.55000424202234,140.85533761764802,213.4412323583336,11.167275543082416
P037,staples,2026-01-15,178.47841683506715,143.64980677907977,213.72306208531847,11.167275543082416
P037,staples,2026-01-16,180.7004815676776,145.20996059156084,216.2811789685483,11.167275543082416
P037,staples,2026-01-17,186.17570368631124,153.2912820179712,220.28854107901722,11.167275543082416
P037,staples,2026-01-18,179.26443269617766,145.92639359942905,215.37818824226875,11.167275543082416
P037,staples,2026-01-19,176.44152628136706,141.0912682833081,210.56824169987536,11.167275543082416
P037,staples,2026-01-20,180.97303381224316,144.57009237491775,216.4863584529081,11.167275543082416
P037,staples,2026-01-21,175.66593783346482,141.9626239691106,210.9828518580676,11.167275543082416
P037,staples,2026-01-22,177.41170647682722,141.77569717842067,214.0417298752244,11.167275543082416
P037,staples,2026-01-23,179.47178625881534,145.66719955925055,214.36616499078423,11.167275543082416
P037,staples,2026-01-24,184.81436606931769,150.13240465746316,219.52553068740818,11.167275543082416
P037,staples,2026-01-25,177.77826002837776,144.16065812902468,213.8572318205338,11.167275543082416
P037,staples,2026-01-26,174.8677775861395,142.51633566101685,212.92165465582158,11.167275543082416
P037,staples,2026-01-27,179.35666352966192,147.5703319007508,214.08926036912132,11.167275543082416
P037,staples,2026-01-28,174.02618134483035,140.9756786917127,210.16939055859189,11.167275543082416
P037,staples,2026-01-29,175.79597888313484,143.11252442441466,211.18397684091562,11.167275543082416
P037,staples,2026-01-30,177.91708098132477,142.40508735791263,209.52849544796948,11.167275543082416
P037,staples,2026-01-31,183.36201969506888,149.55123432503862,220.66723592909543,11.167275543082416
P037,staples,2026-02-01,176.4433435044313,144.56344812501354,210.9665469254547,11.167275543082416
P037,staples,2026-02-02,173.68978223537354,139.63240793463422,208.44469519919556,11.167275543082416
P037,staples,2026-02-03,178.37754358446176,141.6444668188129,214.13708530406225,11.167275543082416
P037,staples,2026-02-04,173.25684791162277,139.01350060645723,208.16882911033164,11.167275543082416
P037,staples,2026-02-05,175.2702240446141,140.98334730994833,210.04260756352366,11.167275543082416
P037,staples,2026-02-06,177.65312338855546,141.41110872929764,213.33537038472284,11.167275543082416
P037,staples,2026-02-07,183.37754003594523,148.11086940072644,217.9727215299716,11.167275543082416
P037,staples,2026-02-08,176.7252688840083,142.01289076357583,210.43379034894772,11.167275543082416
P037,staples,2026-02-09,174.24548370376291,138.70301888849883,205.56165807730412,11.167275543082416
P037,staples,2026-02-10,179.21350105281172,144.23999414013886,215.24715312542094,11.167275543082416
P037,staples,2026-02-11,174.3458667269638,139.84700827345608,209.5492620639925,11.167275543082416
P037,staples,2026-02-12,176.6061682367202,142.34146444304395,211.95947610571608,11.167275543082416
P037,staples,2026-02-13,179.21334041464786,143.51548566893433,213.85793774253204,11.167275543082416
P037,staples,2026-02-14,185.13882636693202,148.62217216578765,217.20609632956146,11.167275543082416
P037,staples,2026-02-15,178.63461430682332,143.8721574466191,214.5113779145629,11.167275543082416
P037,staples,2026-02-16,176.27223577695187,141.37718936985976,211.15618021383867,11.167275543082416
P037,staples,2026-02-17,181.32898006004925,146.15764110780785,216.61515549055468,11.167275543082416
P037,staples,2026-02-18,176.49149101196278,142.86171789842868,209.45563969335845,11.167275543082416
P037,staples,2026-02-19,178.74903068625935,143.8577963138712,214.01012998003688,11.167275543082416
P037,staples,2026-02-20,181.30938747479127,146.16504297104441,214.36011094686663,11.167275543082416
P037,staples,2026-02-21,187.14946696372627,153.72099977636717,225.8833695296412,11.167275543082416
P037,staples,2026-02-22,180.49797669226504,145.63014409763238,214.3861059455624,11.167275543082416
P037,staples,2026-02-23,177.9556966155492,143.24974620020672,214.99678979990478,11.167275543082416
P037,staples,2026-02-24,182.8089822747124,147.28005745492916,221.28806568805211,11.167275543082416
P037,staples,2026-02-25,177.72170023115697,144.60272988109048,213.03478784410802,11.167275543082416
P037,staples,2026-02-26,179.71576520479206,143.27162402112967,213.61575298611,11.167275543082416
P037,staples,2026-02-27,181.9944717471785,149.096743418122,219.97791463432125,11.167275543082416
P037,staples,2026-02-28,187.54633930708337,151.76124363595125,220.80267190510833,11.167275543082416
P037,staples,2026-03-01,180.58227726129846,148.2461589540438,214.53562759030373,11.167275543082416
P038,apparel,2026-01-01,127.06859489097829,98.75843304236199,156.40544737369646,11.476942882539452
P038,apparel,2026-01-02,125.24056654200844,95.47605982564708,154.11869001846628,11.476942882539452
P038,apparel,2026-01-03,127.56096511480568,98.9109701511829,156.13754692568003,11.476942882539452
P038,apparel,2026-01-04,124.35900344640874,97.23509604205663,152.88300538588567,11.476942882539452
P038,apparel,2026-01-05,125.72868202656073,94.1793325306118,155.04450021892336,11.476942882539452
P038,apparel,2026-01-06,123.77398496361724,92.8792162774509,150.85835330981854,11.476942882539452
P038,apparel,2026-01-07,125.97204712832527,98.65507400066616,156.65457926209226,11.476942882539452
P038,apparel,2026-01-08,123.59866680510672,95.51765718402393,150.549463060542,11.476942882539452
P038,apparel,2026-01-09,122.1125198269139,93.88244530603684,151.15279195655967,11.476942882539452
P038,apparel,2026-01-10,124.87478652414492,96.32169426673818,153.5598643659745,11.476942882539452
P038,apparel,2026-01-11,122.19818810071861,93.31009393712667,150.97873160204026,11.476942882539452
P038,apparel,2026-01-12,124.17051516005976,94.0130960359791,154.66818743757116,11.476942882539452
P038,apparel,2026-01-13,122.8738934129859,92.99820038518726,153.42203883318587,11.476942882539452
P038,apparel,2026-01-14,125.77155396703945,97.62374305680518,154.3055212390643,11.476942882539452
P038,apparel,2026-01-15,124.11194208571203,95.86347303392675,152.76290236520913,11.476942882539452
P038,apparel,2026-01-16,123.33466267609766,95.01934511153264,152.96738902384465,11.476942882539452
P038,apparel,2026-01-17,126.77949834492622,98.42430601446222,155.50432064647748,11.476942882539452
P038,apparel,2026-01-18,124.72859941856382,97.36261144802565,152.24057480040062,11.476942882539452
P038,apparel,2026-01-19,127.25359401236072,96.96555255419901,156.59219612526152,11.476942882539452
P038,apparel,2026-01-20,126.40941675018118,96.63920982127482,154.75791998307605,11.476942882539452
P038,apparel,2026-01-21,129.6450391649166,101.46505290419488,159.09595168175983,11.476942882539452
P038,apparel,2026-01-22,128.1863803426687,97.03995348190595,158.72918261119142,11.476942882539452
P038,apparel,2026-01-23,127.4640279971136,98.47593118999775,157.05194348654297,11.476942882539452
P038,apparel,2026-01-24,130.81152489205712,103.01502806631582,160.08498707968738,11.476942882539452
P038,apparel,2026-01-25,128.50042252909432,99.23002241265371,158.6400167615878,11.476942882539452
P038,apparel,2026-01-26,130.610520543182,101.3203414970775,160.71207883990084,11.476942882539452
P038,apparel,2026-01-27,129.1976541564146,100.7527767369691,158.94283865894252,11.476942882539452
P038,apparel,2026-01-28,131.72764348096229,100.99988636568006,158.90962953777216,11.476942882539452
P038,apparel,2026-01-29,129.43714759756892,101.99594990011289,156.57399964238158,11.476942882539452
P038,apparel,2026-01-30,127.78220923710953,100.8403437482614,157.09223644356155,11.476942882539452
P038,apparel,2026-01-31,130.12479113463098,100.68231743596589,159.9405580434713,11.476942882539452
P038,apparel,2026-02-01,126.75963814861298,99.34998649901307,156.77453458644962,11.476942882539452
P038,apparel,2026-02-02,127.80658531795487,99.71026850426145,156.0981512187011,11.476942882539452
P038,apparel,2026-02-03,125.35127011581247,95.86563149097705,155.38569478831423,11.476942882539452
P038,apparel,2026-02-04,126.90132543336394,97.91244181033123,156.99180738793444,11.476942882539452
P038,apparel,2026-02-05,123.72429141526595,93.12261145090854,153.84517109591468,11.476942882539452
P038,apparel,2026-02-06,121.31621634757091,91.76817839561072,149.27974673077208,11.476942882539452
P038,apparel,2026-02-07,123.07581955028034,91.96817771044108,149.98884253812395,11.476942882539452
P038,apparel,2026-02-08,119.32270445538833,88.48657556975736,148.8438784140742,11.476942882539452
P038,apparel,2026-02-09,120.21146114710615,89.13471547727039,148.18180936569468,11.476942882539452
P038,apparel,2026-02-10,117.84522477966857,87.9568236150285,147.25225730644328,11.476942882539452
P038,apparel,2026-02-11,119.75423582435204,91.0935044142291,149.22199887596514,11.476942882539452
P038,apparel,2026-02-12,117.21113628383559,87.38817979846914,143.13194235087647,11.476942882539452
P038,apparel,2026-02-13,115.72015130046242,86.50881954037119,144.57248417492895,11.476942882539452
P038,apparel,2026-02-14,118.67958994004147,91.62922787678575,147.83336728622896,11.476942882539452
P038,apparel,2026-02-15,116.39229069972374,87.49503811487835,148.38065741935375,11.476942882539452
P038,apparel,2026-02-16,119.00254814145657,88.30131698424555,150.52842948018494,11.476942882539452
P038,apparel,2026-02-17,118.58366855465954,90.07051433401962,146.30004317030082,11.476942882539452
P038,apparel,2026-02-18,122.64013937443384,93.4311871788496,150.3027399238764,11.476942882539452
P038,apparel,2026-02-19,122.40160873088331,93.20198800545901,152.2579811825445,11.476942882539452
P038,apparel,2026-02-20,123.33396780779951,94.34117522183203,150.2319786747037,11.476942882539452
P038,apparel,2026-02-21,128.79149347161086,99.16429047223592,158.99633941828043,11.476942882539452
P038,apparel,2026-02-22,129.02077681958963,100.17922618534571,158.78905585463053,11.476942882539452
P038,apparel,2026-02-23,134.12163487176144,104.69543004079542,160.43504518578152,11.476942882539452
P038,apparel,2026-02-24,136.10970051970116,108.04529908850604,166.6619736192068,11.476942882539452
P038,apparel,2026-02-25,142.44308299586433,112.14623790175276,172.800502967943,11.476942882539452
P038,apparel,2026-02-26,144.2957302149596,113.57689424145772,174.02799754457925,11.476942882539452
P038,apparel,2026-02-27,147.09090646681344,116.56271440260366,176.79620516390403,11.476942882539452
P038,apparel,2026-02-28,154.1432496585646,124.073407942465,182.01943704672,11.476942882539452
P038,apparel,2026-03-01,155.65622297595408,128.15038379303635,182.32455772407715,11.476942882539452
P039,staples,2026-01-01,32.46646612672629,27.046158928198583,38.02135201761084,9.99326938991965
P039,staples,2026-01-02,33.4595589659739,27.760015692034543,38.92187111352787,9.99326938991965
P039,staples,2026-01-03,33.682167516780844,27.69477398447027,38.94897946858058,9.99326938991965
P039,staples,2026-01-04,32.90529597773122,27.206039332825384,38.607847906150496,9.99326938991965
P039,staples,2026-01-05,32.81724099540092,27.471664871388814,38.47063029465094,9.99326938991965
P039,staples,2026-01-06,33.04160664621546,27.846942305875057,39.00793744108399,9.99326938991965
P039,staples,2026-01-07,32.46043144200189,26.774118351199363,37.9202490008839,9.99326938991965
P039,staples,2026-01-08,31.855089919217704,26.160662354347387,37.31737096369691,9.99326938991965
P039,staples,2026-01-09,32.852747019072595,27.613631893908128,38.29821113930037,9.99326938991965
P039,staples,2026-01-10,33.08900649527735,27.21008866525566,38.92400131394552,9.99326938991965
P039,staples,2026-01-11,32.333857501046815,27.311264709864766,37.7864238136772,9.99326938991965
P039,staples,2026-01-12,32.27949340497164,26.66969949798345,38.085360701019155,9.99326938991965
P039,staples,2026-01-13,32.54759596227718,26.62581198820484,38.41786993904262,9.99326938991965
P039,staples,2026-01-14,32.01606838770271,26.402328414988716,37.44704463226394,9.99326938991965
P039,staples,2026-01-15,31.4670925673151,25.865955443890694,36.965645204693054,9.99326938991965
P039,staples,2026-01-16,32.5307728336907,26.855291309779663,38.07252051275579,9.99326938991965
P039,staples,2026-01-17,32.83479257498001,27.124537126390805,38.165890018581266,9.99326938991965
P039,staples,2026-01-18,32.14691891644424,26.273203537874615,37.90415819777355,9.99326938991965
P039,staples,2026-01-19,32.162284473835854,26.602167741136086,37.77208574157709,9.99326938991965
P039,staples,2026-01-20,32.4999647050618,27.247717961739042,37.8145916568571,9.99326938991965
P039,staples,2026-01-21,32.0333328767505,26.90904884014718,37.73692586921616,9.99326938991965
P039,staples,2026-01-22,31.54528013676748,26.223854667845927,37.44916959033863,9.99326938991965
P039,staples,2026-01-23,32.669047169845825,26.860506913062704,38.41901410075626,9.99326938991965
P039,staples,2026-01-24,33.02487883971859,27.446470472650162,38.59272811500568,9.99326938991965
P039,staples,2026-01-25,32.37906850281153,26.497828481440063,38.10490732506932,9.99326938991965
P039,staples,2026-01-26,32.430676550915216,27.268585166022056,38.328300047776665,9.99326938991965
P039,staples,2026-01-27,32.79736794794525,26.964816443957844,38.435151757870024,9.99326938991965
P039,staples,2026-01-28,32.3493502906929,26.80466346783474,37.50960388017541,9.99326938991965
P039,staples,2026-01-29,31.871713353651696,26.06913884287603,37.05682683407008,9.99326938991965
P039,staples,2026-01-30,33.002401998270265,27.69279140464569,38.741997353136874,9.99326938991965
P039,staples,2026-01-31,33.355820426752764,28.197334849187502,38.697414474797846,9.99326938991965
P039,staples,2026-02-01,32.69836740539766,26.884109204297186,38.604951541202205,9.99326938991965
P039,staples,2026-02-02,32.73454406987758,27.271913096909007,38.802641800329624,9.99326938991965
P039,staples,2026-02-03,33.082006770900314,27.78980328746469,38.682295633234425,9.99326938991965
P039,staples,2026-02-04,32.60904737109102,26.97705166642819,37.828761440238125,9.99326938991965
P039,staples,2026-02-05,32.10401666114092,26.75203248168984,37.186843178684555,9.99326938991965
P039,staples,2026-02-06,33.210409250380145,27.880201033623443,38.80097901267415,9.99326938991965
P039,staples,2026-02-07,33.537395360744846,27.97963822770962,39.40890553210303,9.99326938991965
P039,staples,2026-02-08,32.8518327340218,27.247154193642327,38.1100020055343,9.99326938991965
P039,staples,2026-02-09,32.86375771835865,27.62071672687521,38.40874219132012,9.99326938991965
P039,staples,2026-02-10,33.19065582531194,27.570391796378253,38.809317347929536,9.99326938991965
P039,staples,2026-02-11,32.69849492551317,26.608563479113847,38.273933063628824,9.99326938991965
P039,staples,2026-02-12,32.17825107563048,26.57264008369257,37.35311244624068,9.99326938991965
P039,staples,2026-02-13,33.278131175703145,27.597477504613526,38.85013365930796,9.99326938991965
P039,staples,2026-02-14,33.60106447542822,28.099452558318703,38.849912289627234,9.99326938991965
P039,staples,2026-02-15,32.91322866327495,27.090071222427277,38.82394679082911,9.99326938991965
P039,staples,2026-02-16,32.92896582852226,27.189391055071713,38.472883808313824,9.99326938991965
P039,staples,2026-02-17,33.26431506003617,27.55527470469838,38.889640840110566,9.99326938991965
P039,staples,2026-02-18,32.78164415889019,27.133107036918148,37.91394340006351,9.99326938991965
P039,staples,2026-02-19,32.2733232908529,26.917298807825446,38.22100138161739,9.99326938991965
P039,staples,2026-02-20,33.391129134301835,27.855385125599934,38.899906728740085,9.99326938991965
P039,staples,2026-02-21,33.73073669487982,28.36852064979141,39.14189171788015,9.99326938991965
P039,staples,2026-02-22,33.05679570396862,27.606520392762402,38.5544133133535,9.99326938991965
P039,staples,2026-02-23,33.08730191281173,27.337482047324745,38.459142021722485,9.99326938991965
P039,staples,2026-02-24,33.43641549363548,28.125165049063916,38.87489506087372,9.99326938991965
P039,staples,2026-02-25,32.96270751898527,27.673746371102283,38.82766116001608,9.99326938991965
P039,staples,2026-02-26,32.45998960093119,26.73395412844015,38.04912495123976,9.99326938991965
P039,staples,2026-02-27,33.5838992812508,28.102082638852806,39.44034086465798,9.99326938991965
P039,staples,2026-02-28,33.92338344395452,28.666671607861556,39.25889223440137,9.99326938991965
P039,staples,2026-03-01,33.242308069882256,28.160933888250494,39.0375681777024,9.99326938991965
P040,apparel,2026-01-01,72.44971251814587,57.19881402886224,88.42986458833488,10.892518248644732
P040,apparel,2026-01-02,74.13488312069671,58.227454443531066,89.14168384715587,10.892518248644732
P040,apparel,2026-01-03,73.24215618580219,57.711920324087224,87.5848399316807,10.892518248644732
P040,apparel,2026-01-04,73.34368684930962,58.355624534515975,89.0691583423723,10.892518248644732
P040,apparel,2026-01-05,71.9999216496157,56.51397940561928,87.46209456933556,10.892518248644732
P040,apparel,2026-01-06,73.0699349452156,57.45250014155877,87.9526200734665,10.892518248644732
P040,apparel,2026-01-07,72.68350109226908,57.074127899112064,88.15507173479422,10.892518248644732
P040,apparel,2026-01-08,70.35285726648497,54.017178507613885,86.26688536937998,10.892518248644732
P040,apparel,2026-01-09,72.0414613161582,55.40354900378155,88.02715686848663,10.892518248644732
P040,apparel,2026-01-10,71.20821691246992,56.504818658971374,86.28771827176972,10.892518248644732
P040,apparel,2026-01-11,71.43102877112975,55.531573784250554,87.04377604992288,10.892518248644732
P040,apparel,2026-01-12,70.26648671365955,52.89864549615087,85.46589183457542,10.892518248644732
P040,apparel,2026-01-13,71.5751746751465,55.56786730566958,87.86724260195831,10.892518248644732
P040,apparel,2026-01-14,71.47666696736086,55.669854828732205,86.82792659572276,10.892518248644732
P040,apparel,2026-01-15,69.47496808821738,53.690896711294215,85.52605355997412,10.892518248644732
P040,apparel,2026-01-16,71.53121127630794,56.485602165082724,86.71593540171064,10.892518248644732
P040,apparel,2026-01-17,71.08505435871257,55.03753945511481,86.06583860530708,10.892518248644732
P040,apparel,2026-01-18,71.70616563777325,56.55344060252055,86.12337255746073,10.892518248644732
P040,apparel,2026-01-19,70.93464017355188,55.88596239869788,87.15057207789957,10.892518248644732
P040,apparel,2026-01-20,72.62178236105358,57.40365022274064,88.29002090905203,10.892518248644732
P040,apparel,2026-01-21,72.86847435452033,56.733564963096235,88.63442491978572,10.892518248644732
P040,apparel,2026-01-22,71.16467202847146,56.042959640061135,85.56635179735197,10.892518248644732
P040,apparel,2026-01-23,73.4663405327214,57.55154365611238,89.11054721448302,10.892518248644732
P040,apparel,2026-01-24,73.19422284063398,58.14679392149447,88.77686184354859,10.892518248644732
P040,apparel,2026-01-25,73.91335549038209,56.946345753153736,89.25248266467322,10.892518248644732
P040,apparel,2026-01-26,73.1542081642747,58.07806220908936,89.99974942051035,10.892518248644732
P040,apparel,2026-01-27,74.76882091814531,59.986337999103036,90.38242183312458,10.892518248644732
P040,apparel,2026-01-28,74.85231749740691,59.027784877348566,90.32626804900144,10.892518248644732
P040,apparel,2026-01-29,72.89612697757767,57.454753107940924,87.67142304534491,10.892518248644732
P040,apparel,2026-01-30,74.86873118381465,58.90950616054234,90.21006666886262,10.892518248644732
P040,apparel,2026-01-31,74.19129783787628,58.56331008340851,89.65426411871488,10.892518248644732
P040,apparel,2026-02-01,74.44464961857162,59.31210281419299,89.23620236833372,10.892518248644732
P040,apparel,2026-02-02,73.17049901286671,58.03310982451335,89.25738400808508,10.892518248644732
P040,apparel,2026-02-03,74.2422795412496,58.64827857753057,89.06034828827431,10.892518248644732
P040,apparel,2026-02-04,73.76913088739809,58.38598394751682,89.83035308121288,10.892518248644732
P040,apparel,2026-02-05,71.26218166815403,55.29185187601381,87.54533991494674,10.892518248644732
P040,apparel,2026-02-06,72.71847374458989,57.71511013730761,89.19928998985222,10.892518248644732
P040,apparel,2026-02-07,71.57287507246583,56.073165004881304,86.53004725017898,10.892518248644732
P040,apparel,2026-02-08,71.431986573365,56.37005078514812,86.36908076195898,10.892518248644732
P040,apparel,2026-02-09,69.85504364513609,54.70370650831672,85.98472168932746,10.892518248644732
P040,apparel,2026-02-10,70.73911481217141,54.82263443351876,86.44000498082652,10.892518248644732
P040,apparel,2026-02-11,70.20534642500633,54.75619975707361,85.92539422501261,10.892518248644732
P040,apparel,2026-02-12,67.77821765387687,52.85875380424198,83.77477583630808,10.892518248644732
P040,apparel,2026-02-13,69.47268153924053,54.20268604863532,84.74933589784379,10.892518248644732
P040,apparel,2026-02-14,68.72252775291129,52.8991753520804,84.02623124438824,10.892518248644732
P040,apparel,2026-02-15,69.14152553978862,53.689156419242444,84.55973872159171,10.892518248644732
P040,apparel,2026-02-16,68.28441199675603,52.60475475780005,82.21932474226323,10.892518248644732
P040,apparel,2026-02-17,70.04699013769948,54.97720007472563,85.45468155922441,10.892518248644732
P040,apparel,2026-02-18,70.53526354744838,55.27567373983476,87.01409490815463,10.892518248644732
P040,apparel,2026-02-19,69.25837572973033,54.39210680315342,85.21639004770078,10.892518248644732
P040,apparel,2026-02-20,72.21974241773857,56.95201079544481,88.21220905102456,10.892518248644732
P040,apparel,2026-02-21,72.82267963102414,57.491787992737926,88.27029222075637,10.892518248644732
P040,apparel,2026-02-22,74.65961585520415,59.11921256390254,89.92192756116667,10.892518248644732
P040,apparel,2026-02-23,75.2539940616938,59.012023066988746,91.097638795246,10.892518248644732
P040,apparel,2026-02-24,78.47606579150452,64.15197524017249,95.08526012871113,10.892518248644732
P040,apparel,2026-02-25,80.39565833969183,64.40238706662977,96.37940922068697,10.892518248644732
P040,apparel,2026-02-26,80.48946456347552,63.83436023706609,96.41216112062534,10.892518248644732
P040,apparel,2026-02-27,84.7367355378592,68.29754359030287,99.43515114187996,10.892518248644732
P040,apparel,2026-02-28,86.50262793990858,70.55543363419285,102.92435172938801,10.892518248644732
P040,apparel,2026-03-01,89.35580948797542,73.21487822636034,103.3330825658062,10.892518248644732
